# Original BLACKGLASS source; generator version tailored_lofts_v1
o SM_BG_Head
s 1
v 21.000000 0.000000 -50.000000
v 20.480283 8.139697 -50.000000
v 18.934723 13.784380 -50.000000
v 16.399307 18.188599 -50.000000
v 12.912634 21.391229 -50.000000
v 8.443927 23.343516 -50.000000
v 2.000000 24.000000 -50.000000
v -4.443927 23.343516 -50.000000
v -8.912634 21.391229 -50.000000
v -12.399307 18.188599 -50.000000
v -14.934723 13.784380 -50.000000
v -16.480283 8.139697 -50.000000
v -17.000000 0.000000 -50.000000
v -16.480283 -8.139697 -50.000000
v -14.934723 -13.784380 -50.000000
v -12.399307 -18.188599 -50.000000
v -8.912634 -21.391229 -50.000000
v -4.443927 -23.343516 -50.000000
v 2.000000 -24.000000 -50.000000
v 8.443927 -23.343516 -50.000000
v 12.912634 -21.391229 -50.000000
v 16.399307 -18.188599 -50.000000
v 18.934723 -13.784380 -50.000000
v 20.480283 -8.139697 -50.000000
v 33.000000 0.000000 -44.000000
v 32.234102 11.870391 -44.000000
v 29.956434 20.102221 -44.000000
v 26.220032 26.525040 -44.000000
v 21.081777 31.195543 -44.000000
v 14.496313 34.042627 -44.000000
v 5.000000 35.000000 -44.000000
v -4.496313 34.042627 -44.000000
v -11.081777 31.195543 -44.000000
v -16.220032 26.525040 -44.000000
v -19.956434 20.102221 -44.000000
v -22.234102 11.870391 -44.000000
v -23.000000 0.000000 -44.000000
v -22.234102 -11.870391 -44.000000
v -19.956434 -20.102221 -44.000000
v -16.220032 -26.525040 -44.000000
v -11.081777 -31.195543 -44.000000
v -4.496313 -34.042627 -44.000000
v 5.000000 -35.000000 -44.000000
v 14.496313 -34.042627 -44.000000
v 21.081777 -31.195543 -44.000000
v 26.220032 -26.525040 -44.000000
v 29.956434 -20.102221 -44.000000
v 32.234102 -11.870391 -44.000000
v 41.000000 0.000000 -31.000000
v 39.960567 14.583623 -31.000000
v 36.869447 24.697015 -31.000000
v 31.798615 32.587906 -31.000000
v 24.825269 38.325953 -31.000000
v 15.887853 41.823799 -31.000000
v 3.000000 43.000000 -31.000000
v -9.887853 41.823799 -31.000000
v -18.825269 38.325953 -31.000000
v -25.798615 32.587906 -31.000000
v -30.869447 24.697015 -31.000000
v -33.960567 14.583623 -31.000000
v -35.000000 0.000000 -31.000000
v -33.960567 -14.583623 -31.000000
v -30.869447 -24.697015 -31.000000
v -25.798615 -32.587906 -31.000000
v -18.825269 -38.325953 -31.000000
v -9.887853 -41.823799 -31.000000
v 3.000000 -43.000000 -31.000000
v 15.887853 -41.823799 -31.000000
v 24.825269 -38.325953 -31.000000
v 31.798615 -32.587906 -31.000000
v 36.869447 -24.697015 -31.000000
v 39.960567 -14.583623 -31.000000
v 45.000000 0.000000 -14.000000
v 43.769092 15.940240 -14.000000
v 40.108555 26.994411 -14.000000
v 34.103623 35.619339 -14.000000
v 25.845713 41.891158 -14.000000
v 15.261931 45.714385 -14.000000
v 0.000000 47.000000 -14.000000
v -15.261931 45.714385 -14.000000
v -25.845713 41.891158 -14.000000
v -34.103623 35.619339 -14.000000
v -40.108555 26.994411 -14.000000
v -43.769092 15.940240 -14.000000
v -45.000000 0.000000 -14.000000
v -43.769092 -15.940240 -14.000000
v -40.108555 -26.994411 -14.000000
v -34.103623 -35.619339 -14.000000
v -25.845713 -41.891158 -14.000000
v -15.261931 -45.714385 -14.000000
v -0.000000 -47.000000 -14.000000
v 15.261931 -45.714385 -14.000000
v 25.845713 -41.891158 -14.000000
v 34.103623 -35.619339 -14.000000
v 40.108555 -26.994411 -14.000000
v 43.769092 -15.940240 -14.000000
v 46.000000 0.000000 5.000000
v 44.741738 15.601085 5.000000
v 40.999857 26.420062 5.000000
v 34.861481 34.861481 5.000000
v 26.420062 40.999857 5.000000
v 15.601085 44.741738 5.000000
v 0.000000 46.000000 5.000000
v -15.601085 44.741738 5.000000
v -26.420062 40.999857 5.000000
v -34.861481 34.861481 5.000000
v -40.999857 26.420062 5.000000
v -44.741738 15.601085 5.000000
v -46.000000 0.000000 5.000000
v -44.741738 -15.601085 5.000000
v -40.999857 -26.420062 5.000000
v -34.861481 -34.861481 5.000000
v -26.420062 -40.999857 5.000000
v -15.601085 -44.741738 5.000000
v -0.000000 -46.000000 5.000000
v 15.601085 -44.741738 5.000000
v 26.420062 -40.999857 5.000000
v 34.861481 -34.861481 5.000000
v 40.999857 -26.420062 5.000000
v 44.741738 -15.601085 5.000000
v 41.000000 0.000000 24.000000
v 39.823799 14.922777 24.000000
v 36.325953 25.271364 24.000000
v 30.587906 33.345764 24.000000
v 22.697015 39.217254 24.000000
v 12.583623 42.796445 24.000000
v -2.000000 44.000000 24.000000
v -16.583623 42.796445 24.000000
v -26.697015 39.217254 24.000000
v -34.587906 33.345764 24.000000
v -40.325953 25.271364 24.000000
v -43.823799 14.922777 24.000000
v -45.000000 0.000000 24.000000
v -43.823799 -14.922777 24.000000
v -40.325953 -25.271364 24.000000
v -34.587906 -33.345764 24.000000
v -26.697015 -39.217254 24.000000
v -16.583623 -42.796445 24.000000
v -2.000000 -44.000000 24.000000
v 12.583623 -42.796445 24.000000
v 22.697015 -39.217254 24.000000
v 30.587906 -33.345764 24.000000
v 36.325953 -25.271364 24.000000
v 39.823799 -14.922777 24.000000
v 31.000000 0.000000 40.000000
v 30.069981 12.548699 40.000000
v 27.304242 21.250920 40.000000
v 22.767182 28.040756 40.000000
v 16.527872 32.978145 40.000000
v 8.531237 35.987920 40.000000
v -3.000000 37.000000 40.000000
v -14.531237 35.987920 40.000000
v -22.527872 32.978145 40.000000
v -28.767182 28.040756 40.000000
v -33.304242 21.250920 40.000000
v -36.069981 12.548699 40.000000
v -37.000000 0.000000 40.000000
v -36.069981 -12.548699 40.000000
v -33.304242 -21.250920 40.000000
v -28.767182 -28.040756 40.000000
v -22.527872 -32.978145 40.000000
v -14.531237 -35.987920 40.000000
v -3.000000 -37.000000 40.000000
v 8.531237 -35.987920 40.000000
v 16.527872 -32.978145 40.000000
v 22.767182 -28.040756 40.000000
v 27.304242 -21.250920 40.000000
v 30.069981 -12.548699 40.000000
v 15.000000 0.000000 48.000000
v 14.480283 7.800543 48.000000
v 12.934723 13.210031 48.000000
v 10.399307 17.430741 48.000000
v 6.912634 20.499928 48.000000
v 2.443927 22.370869 48.000000
v -4.000000 23.000000 48.000000
v -10.443927 22.370869 48.000000
v -14.912634 20.499928 48.000000
v -18.399307 17.430741 48.000000
v -20.934723 13.210031 48.000000
v -22.480283 7.800543 48.000000
v -23.000000 0.000000 48.000000
v -22.480283 -7.800543 48.000000
v -20.934723 -13.210031 48.000000
v -18.399307 -17.430741 48.000000
v -14.912634 -20.499928 48.000000
v -10.443927 -22.370869 48.000000
v -4.000000 -23.000000 48.000000
v 2.443927 -22.370869 48.000000
v 6.912634 -20.499928 48.000000
v 10.399307 -17.430741 48.000000
v 12.934723 -13.210031 48.000000
v 14.480283 -7.800543 48.000000
v 4.000000 0.000000 50.000000
v 3.781172 4.069848 50.000000
v 3.130410 6.892190 50.000000
v 2.062866 9.094299 50.000000
v 0.594793 10.695615 50.000000
v -1.286768 11.671758 50.000000
v -4.000000 12.000000 50.000000
v -6.713232 11.671758 50.000000
v -8.594793 10.695615 50.000000
v -10.062866 9.094299 50.000000
v -11.130410 6.892190 50.000000
v -11.781172 4.069848 50.000000
v -12.000000 0.000000 50.000000
v -11.781172 -4.069848 50.000000
v -11.130410 -6.892190 50.000000
v -10.062866 -9.094299 50.000000
v -8.594793 -10.695615 50.000000
v -6.713232 -11.671758 50.000000
v -4.000000 -12.000000 50.000000
v -1.286768 -11.671758 50.000000
v 0.594793 -10.695615 50.000000
v 2.062866 -9.094299 50.000000
v 3.130410 -6.892190 50.000000
v 3.781172 -4.069848 50.000000
v 2.000000 0.000000 -50.000000
v -4.000000 0.000000 50.000000
v 48.364648 0.000000 -17.420739
v 48.250000 0.535898 -17.420739
v 47.913870 1.035276 -17.420739
v 47.379165 1.464102 -17.420739
v 46.682324 1.793151 -17.420739
v 45.870835 2.000000 -17.420739
v 45.000000 2.070552 -17.420739
v 44.129165 2.000000 -17.420739
v 43.317676 1.793151 -17.420739
v 42.620835 1.464102 -17.420739
v 42.086130 1.035276 -17.420739
v 41.750000 0.535898 -17.420739
v 41.635352 0.000000 -17.420739
v 41.750000 -0.535898 -17.420739
v 42.086130 -1.035276 -17.420739
v 42.620835 -1.464102 -17.420739
v 43.317676 -1.793151 -17.420739
v 44.129165 -2.000000 -17.420739
v 45.000000 -2.070552 -17.420739
v 45.870835 -2.000000 -17.420739
v 46.682324 -1.793151 -17.420739
v 47.379165 -1.464102 -17.420739
v 47.913870 -1.035276 -17.420739
v 48.250000 -0.535898 -17.420739
v 51.500000 0.000000 -15.722432
v 51.278518 1.035276 -15.722432
v 50.629165 2.000000 -15.722432
v 49.596194 2.828427 -15.722432
v 48.250000 3.464102 -15.722432
v 46.682324 3.863703 -15.722432
v 45.000000 4.000000 -15.722432
v 43.317676 3.863703 -15.722432
v 41.750000 3.464102 -15.722432
v 40.403806 2.828427 -15.722432
v 39.370835 2.000000 -15.722432
v 38.721482 1.035276 -15.722432
v 38.500000 0.000000 -15.722432
v 38.721482 -1.035276 -15.722432
v 39.370835 -2.000000 -15.722432
v 40.403806 -2.828427 -15.722432
v 41.750000 -3.464102 -15.722432
v 43.317676 -3.863703 -15.722432
v 45.000000 -4.000000 -15.722432
v 46.682324 -3.863703 -15.722432
v 48.250000 -3.464102 -15.722432
v 49.596194 -2.828427 -15.722432
v 50.629165 -2.000000 -15.722432
v 51.278518 -1.035276 -15.722432
v 54.192388 0.000000 -13.020815
v 53.879165 1.464102 -13.020815
v 52.960842 2.828427 -13.020815
v 51.500000 4.000000 -13.020815
v 49.596194 4.898979 -13.020815
v 47.379165 5.464102 -13.020815
v 45.000000 5.656854 -13.020815
v 42.620835 5.464102 -13.020815
v 40.403806 4.898979 -13.020815
v 38.500000 4.000000 -13.020815
v 37.039158 2.828427 -13.020815
v 36.120835 1.464102 -13.020815
v 35.807612 0.000000 -13.020815
v 36.120835 -1.464102 -13.020815
v 37.039158 -2.828427 -13.020815
v 38.500000 -4.000000 -13.020815
v 40.403806 -4.898979 -13.020815
v 42.620835 -5.464102 -13.020815
v 45.000000 -5.656854 -13.020815
v 47.379165 -5.464102 -13.020815
v 49.596194 -4.898979 -13.020815
v 51.500000 -4.000000 -13.020815
v 52.960842 -2.828427 -13.020815
v 53.879165 -1.464102 -13.020815
v 56.258330 0.000000 -9.500000
v 55.874712 1.793151 -9.500000
v 54.750000 3.464102 -9.500000
v 52.960842 4.898979 -9.500000
v 50.629165 6.000000 -9.500000
v 47.913870 6.692130 -9.500000
v 45.000000 6.928203 -9.500000
v 42.086130 6.692130 -9.500000
v 39.370835 6.000000 -9.500000
v 37.039158 4.898979 -9.500000
v 35.250000 3.464102 -9.500000
v 34.125288 1.793151 -9.500000
v 33.741670 0.000000 -9.500000
v 34.125288 -1.793151 -9.500000
v 35.250000 -3.464102 -9.500000
v 37.039158 -4.898979 -9.500000
v 39.370835 -6.000000 -9.500000
v 42.086130 -6.692130 -9.500000
v 45.000000 -6.928203 -9.500000
v 47.913870 -6.692130 -9.500000
v 50.629165 -6.000000 -9.500000
v 52.960842 -4.898979 -9.500000
v 54.750000 -3.464102 -9.500000
v 55.874712 -1.793151 -9.500000
v 57.557036 0.000000 -5.399924
v 57.129165 2.000000 -5.399924
v 55.874712 3.863703 -5.399924
v 53.879165 5.464102 -5.399924
v 51.278518 6.692130 -5.399924
v 48.250000 7.464102 -5.399924
v 45.000000 7.727407 -5.399924
v 41.750000 7.464102 -5.399924
v 38.721482 6.692130 -5.399924
v 36.120835 5.464102 -5.399924
v 34.125288 3.863703 -5.399924
v 32.870835 2.000000 -5.399924
v 32.442964 0.000000 -5.399924
v 32.870835 -2.000000 -5.399924
v 34.125288 -3.863703 -5.399924
v 36.120835 -5.464102 -5.399924
v 38.721482 -6.692130 -5.399924
v 41.750000 -7.464102 -5.399924
v 45.000000 -7.727407 -5.399924
v 48.250000 -7.464102 -5.399924
v 51.278518 -6.692130 -5.399924
v 53.879165 -5.464102 -5.399924
v 55.874712 -3.863703 -5.399924
v 57.129165 -2.000000 -5.399924
v 58.000000 0.000000 -1.000000
v 57.557036 2.070552 -1.000000
v 56.258330 4.000000 -1.000000
v 54.192388 5.656854 -1.000000
v 51.500000 6.928203 -1.000000
v 48.364648 7.727407 -1.000000
v 45.000000 8.000000 -1.000000
v 41.635352 7.727407 -1.000000
v 38.500000 6.928203 -1.000000
v 35.807612 5.656854 -1.000000
v 33.741670 4.000000 -1.000000
v 32.442964 2.070552 -1.000000
v 32.000000 0.000000 -1.000000
v 32.442964 -2.070552 -1.000000
v 33.741670 -4.000000 -1.000000
v 35.807612 -5.656854 -1.000000
v 38.500000 -6.928203 -1.000000
v 41.635352 -7.727407 -1.000000
v 45.000000 -8.000000 -1.000000
v 48.364648 -7.727407 -1.000000
v 51.500000 -6.928203 -1.000000
v 54.192388 -5.656854 -1.000000
v 56.258330 -4.000000 -1.000000
v 57.557036 -2.070552 -1.000000
v 57.557036 0.000000 3.399924
v 57.129165 2.000000 3.399924
v 55.874712 3.863703 3.399924
v 53.879165 5.464102 3.399924
v 51.278518 6.692130 3.399924
v 48.250000 7.464102 3.399924
v 45.000000 7.727407 3.399924
v 41.750000 7.464102 3.399924
v 38.721482 6.692130 3.399924
v 36.120835 5.464102 3.399924
v 34.125288 3.863703 3.399924
v 32.870835 2.000000 3.399924
v 32.442964 0.000000 3.399924
v 32.870835 -2.000000 3.399924
v 34.125288 -3.863703 3.399924
v 36.120835 -5.464102 3.399924
v 38.721482 -6.692130 3.399924
v 41.750000 -7.464102 3.399924
v 45.000000 -7.727407 3.399924
v 48.250000 -7.464102 3.399924
v 51.278518 -6.692130 3.399924
v 53.879165 -5.464102 3.399924
v 55.874712 -3.863703 3.399924
v 57.129165 -2.000000 3.399924
v 56.258330 0.000000 7.500000
v 55.874712 1.793151 7.500000
v 54.750000 3.464102 7.500000
v 52.960842 4.898979 7.500000
v 50.629165 6.000000 7.500000
v 47.913870 6.692130 7.500000
v 45.000000 6.928203 7.500000
v 42.086130 6.692130 7.500000
v 39.370835 6.000000 7.500000
v 37.039158 4.898979 7.500000
v 35.250000 3.464102 7.500000
v 34.125288 1.793151 7.500000
v 33.741670 0.000000 7.500000
v 34.125288 -1.793151 7.500000
v 35.250000 -3.464102 7.500000
v 37.039158 -4.898979 7.500000
v 39.370835 -6.000000 7.500000
v 42.086130 -6.692130 7.500000
v 45.000000 -6.928203 7.500000
v 47.913870 -6.692130 7.500000
v 50.629165 -6.000000 7.500000
v 52.960842 -4.898979 7.500000
v 54.750000 -3.464102 7.500000
v 55.874712 -1.793151 7.500000
v 54.192388 0.000000 11.020815
v 53.879165 1.464102 11.020815
v 52.960842 2.828427 11.020815
v 51.500000 4.000000 11.020815
v 49.596194 4.898979 11.020815
v 47.379165 5.464102 11.020815
v 45.000000 5.656854 11.020815
v 42.620835 5.464102 11.020815
v 40.403806 4.898979 11.020815
v 38.500000 4.000000 11.020815
v 37.039158 2.828427 11.020815
v 36.120835 1.464102 11.020815
v 35.807612 0.000000 11.020815
v 36.120835 -1.464102 11.020815
v 37.039158 -2.828427 11.020815
v 38.500000 -4.000000 11.020815
v 40.403806 -4.898979 11.020815
v 42.620835 -5.464102 11.020815
v 45.000000 -5.656854 11.020815
v 47.379165 -5.464102 11.020815
v 49.596194 -4.898979 11.020815
v 51.500000 -4.000000 11.020815
v 52.960842 -2.828427 11.020815
v 53.879165 -1.464102 11.020815
v 51.500000 0.000000 13.722432
v 51.278518 1.035276 13.722432
v 50.629165 2.000000 13.722432
v 49.596194 2.828427 13.722432
v 48.250000 3.464102 13.722432
v 46.682324 3.863703 13.722432
v 45.000000 4.000000 13.722432
v 43.317676 3.863703 13.722432
v 41.750000 3.464102 13.722432
v 40.403806 2.828427 13.722432
v 39.370835 2.000000 13.722432
v 38.721482 1.035276 13.722432
v 38.500000 0.000000 13.722432
v 38.721482 -1.035276 13.722432
v 39.370835 -2.000000 13.722432
v 40.403806 -2.828427 13.722432
v 41.750000 -3.464102 13.722432
v 43.317676 -3.863703 13.722432
v 45.000000 -4.000000 13.722432
v 46.682324 -3.863703 13.722432
v 48.250000 -3.464102 13.722432
v 49.596194 -2.828427 13.722432
v 50.629165 -2.000000 13.722432
v 51.278518 -1.035276 13.722432
v 48.364648 0.000000 15.420739
v 48.250000 0.535898 15.420739
v 47.913870 1.035276 15.420739
v 47.379165 1.464102 15.420739
v 46.682324 1.793151 15.420739
v 45.870835 2.000000 15.420739
v 45.000000 2.070552 15.420739
v 44.129165 2.000000 15.420739
v 43.317676 1.793151 15.420739
v 42.620835 1.464102 15.420739
v 42.086130 1.035276 15.420739
v 41.750000 0.535898 15.420739
v 41.635352 0.000000 15.420739
v 41.750000 -0.535898 15.420739
v 42.086130 -1.035276 15.420739
v 42.620835 -1.464102 15.420739
v 43.317676 -1.793151 15.420739
v 44.129165 -2.000000 15.420739
v 45.000000 -2.070552 15.420739
v 45.870835 -2.000000 15.420739
v 46.682324 -1.793151 15.420739
v 47.379165 -1.464102 15.420739
v 47.913870 -1.035276 15.420739
v 48.250000 -0.535898 15.420739
v 45.000000 -0.000000 -17.420739
v 45.000000 -0.000000 15.420739
v -0.670629 -47.000000 -20.386665
v -0.750000 -46.531089 -20.386665
v -0.982705 -46.094133 -20.386665
v -1.352886 -45.718911 -20.386665
v -1.835314 -45.430993 -20.386665
v -2.397114 -45.250000 -20.386665
v -3.000000 -45.188267 -20.386665
v -3.602886 -45.250000 -20.386665
v -4.164686 -45.430993 -20.386665
v -4.647114 -45.718911 -20.386665
v -5.017295 -46.094133 -20.386665
v -5.250000 -46.531089 -20.386665
v -5.329371 -47.000000 -20.386665
v -5.250000 -47.468911 -20.386665
v -5.017295 -47.905867 -20.386665
v -4.647114 -48.281089 -20.386665
v -4.164686 -48.569007 -20.386665
v -3.602886 -48.750000 -20.386665
v -3.000000 -48.811733 -20.386665
v -2.397114 -48.750000 -20.386665
v -1.835314 -48.569007 -20.386665
v -1.352886 -48.281089 -20.386665
v -0.982705 -47.905867 -20.386665
v -0.750000 -47.468911 -20.386665
v 1.500000 -47.000000 -18.588457
v 1.346666 -46.094133 -18.588457
v 0.897114 -45.250000 -18.588457
v 0.181981 -44.525126 -18.588457
v -0.750000 -43.968911 -18.588457
v -1.835314 -43.619260 -18.588457
v -3.000000 -43.500000 -18.588457
v -4.164686 -43.619260 -18.588457
v -5.250000 -43.968911 -18.588457
v -6.181981 -44.525126 -18.588457
v -6.897114 -45.250000 -18.588457
v -7.346666 -46.094133 -18.588457
v -7.500000 -47.000000 -18.588457
v -7.346666 -47.905867 -18.588457
v -6.897114 -48.750000 -18.588457
v -6.181981 -49.474874 -18.588457
v -5.250000 -50.031089 -18.588457
v -4.164686 -50.380740 -18.588457
v -3.000000 -50.500000 -18.588457
v -1.835314 -50.380740 -18.588457
v -0.750000 -50.031089 -18.588457
v 0.181981 -49.474874 -18.588457
v 0.897114 -48.750000 -18.588457
v 1.346666 -47.905867 -18.588457
v 3.363961 -47.000000 -15.727922
v 3.147114 -45.718911 -15.727922
v 2.511352 -44.525126 -15.727922
v 1.500000 -43.500000 -15.727922
v 0.181981 -42.713393 -15.727922
v -1.352886 -42.218911 -15.727922
v -3.000000 -42.050253 -15.727922
v -4.647114 -42.218911 -15.727922
v -6.181981 -42.713393 -15.727922
v -7.500000 -43.500000 -15.727922
v -8.511352 -44.525126 -15.727922
v -9.147114 -45.718911 -15.727922
v -9.363961 -47.000000 -15.727922
v -9.147114 -48.281089 -15.727922
v -8.511352 -49.474874 -15.727922
v -7.500000 -50.500000 -15.727922
v -6.181981 -51.286607 -15.727922
v -4.647114 -51.781089 -15.727922
v -3.000000 -51.949747 -15.727922
v -1.352886 -51.781089 -15.727922
v 0.181981 -51.286607 -15.727922
v 1.500000 -50.500000 -15.727922
v 2.511352 -49.474874 -15.727922
v 3.147114 -48.281089 -15.727922
v 4.794229 -47.000000 -12.000000
v 4.528647 -45.430993 -12.000000
v 3.750000 -43.968911 -12.000000
v 2.511352 -42.713393 -12.000000
v 0.897114 -41.750000 -12.000000
v -0.982705 -41.144386 -12.000000
v -3.000000 -40.937822 -12.000000
v -5.017295 -41.144386 -12.000000
v -6.897114 -41.750000 -12.000000
v -8.511352 -42.713393 -12.000000
v -9.750000 -43.968911 -12.000000
v -10.528647 -45.430993 -12.000000
v -10.794229 -47.000000 -12.000000
v -10.528647 -48.569007 -12.000000
v -9.750000 -50.031089 -12.000000
v -8.511352 -51.286607 -12.000000
v -6.897114 -52.250000 -12.000000
v -5.017295 -52.855614 -12.000000
v -3.000000 -53.062178 -12.000000
v -0.982705 -52.855614 -12.000000
v 0.897114 -52.250000 -12.000000
v 2.511352 -51.286607 -12.000000
v 3.750000 -50.031089 -12.000000
v 4.528647 -48.569007 -12.000000
v 5.693332 -47.000000 -7.658743
v 5.397114 -45.250000 -7.658743
v 4.528647 -43.619260 -7.658743
v 3.147114 -42.218911 -7.658743
v 1.346666 -41.144386 -7.658743
v -0.750000 -40.468911 -7.658743
v -3.000000 -40.238519 -7.658743
v -5.250000 -40.468911 -7.658743
v -7.346666 -41.144386 -7.658743
v -9.147114 -42.218911 -7.658743
v -10.528647 -43.619260 -7.658743
v -11.397114 -45.250000 -7.658743
v -11.693332 -47.000000 -7.658743
v -11.397114 -48.750000 -7.658743
v -10.528647 -50.380740 -7.658743
v -9.147114 -51.781089 -7.658743
v -7.346666 -52.855614 -7.658743
v -5.250000 -53.531089 -7.658743
v -3.000000 -53.761481 -7.658743
v -0.750000 -53.531089 -7.658743
v 1.346666 -52.855614 -7.658743
v 3.147114 -51.781089 -7.658743
v 4.528647 -50.380740 -7.658743
v 5.397114 -48.750000 -7.658743
v 6.000000 -47.000000 -3.000000
v 5.693332 -45.188267 -3.000000
v 4.794229 -43.500000 -3.000000
v 3.363961 -42.050253 -3.000000
v 1.500000 -40.937822 -3.000000
v -0.670629 -40.238519 -3.000000
v -3.000000 -40.000000 -3.000000
v -5.329371 -40.238519 -3.000000
v -7.500000 -40.937822 -3.000000
v -9.363961 -42.050253 -3.000000
v -10.794229 -43.500000 -3.000000
v -11.693332 -45.188267 -3.000000
v -12.000000 -47.000000 -3.000000
v -11.693332 -48.811733 -3.000000
v -10.794229 -50.500000 -3.000000
v -9.363961 -51.949747 -3.000000
v -7.500000 -53.062178 -3.000000
v -5.329371 -53.761481 -3.000000
v -3.000000 -54.000000 -3.000000
v -0.670629 -53.761481 -3.000000
v 1.500000 -53.062178 -3.000000
v 3.363961 -51.949747 -3.000000
v 4.794229 -50.500000 -3.000000
v 5.693332 -48.811733 -3.000000
v 5.693332 -47.000000 1.658743
v 5.397114 -45.250000 1.658743
v 4.528647 -43.619260 1.658743
v 3.147114 -42.218911 1.658743
v 1.346666 -41.144386 1.658743
v -0.750000 -40.468911 1.658743
v -3.000000 -40.238519 1.658743
v -5.250000 -40.468911 1.658743
v -7.346666 -41.144386 1.658743
v -9.147114 -42.218911 1.658743
v -10.528647 -43.619260 1.658743
v -11.397114 -45.250000 1.658743
v -11.693332 -47.000000 1.658743
v -11.397114 -48.750000 1.658743
v -10.528647 -50.380740 1.658743
v -9.147114 -51.781089 1.658743
v -7.346666 -52.855614 1.658743
v -5.250000 -53.531089 1.658743
v -3.000000 -53.761481 1.658743
v -0.750000 -53.531089 1.658743
v 1.346666 -52.855614 1.658743
v 3.147114 -51.781089 1.658743
v 4.528647 -50.380740 1.658743
v 5.397114 -48.750000 1.658743
v 4.794229 -47.000000 6.000000
v 4.528647 -45.430993 6.000000
v 3.750000 -43.968911 6.000000
v 2.511352 -42.713393 6.000000
v 0.897114 -41.750000 6.000000
v -0.982705 -41.144386 6.000000
v -3.000000 -40.937822 6.000000
v -5.017295 -41.144386 6.000000
v -6.897114 -41.750000 6.000000
v -8.511352 -42.713393 6.000000
v -9.750000 -43.968911 6.000000
v -10.528647 -45.430993 6.000000
v -10.794229 -47.000000 6.000000
v -10.528647 -48.569007 6.000000
v -9.750000 -50.031089 6.000000
v -8.511352 -51.286607 6.000000
v -6.897114 -52.250000 6.000000
v -5.017295 -52.855614 6.000000
v -3.000000 -53.062178 6.000000
v -0.982705 -52.855614 6.000000
v 0.897114 -52.250000 6.000000
v 2.511352 -51.286607 6.000000
v 3.750000 -50.031089 6.000000
v 4.528647 -48.569007 6.000000
v 3.363961 -47.000000 9.727922
v 3.147114 -45.718911 9.727922
v 2.511352 -44.525126 9.727922
v 1.500000 -43.500000 9.727922
v 0.181981 -42.713393 9.727922
v -1.352886 -42.218911 9.727922
v -3.000000 -42.050253 9.727922
v -4.647114 -42.218911 9.727922
v -6.181981 -42.713393 9.727922
v -7.500000 -43.500000 9.727922
v -8.511352 -44.525126 9.727922
v -9.147114 -45.718911 9.727922
v -9.363961 -47.000000 9.727922
v -9.147114 -48.281089 9.727922
v -8.511352 -49.474874 9.727922
v -7.500000 -50.500000 9.727922
v -6.181981 -51.286607 9.727922
v -4.647114 -51.781089 9.727922
v -3.000000 -51.949747 9.727922
v -1.352886 -51.781089 9.727922
v 0.181981 -51.286607 9.727922
v 1.500000 -50.500000 9.727922
v 2.511352 -49.474874 9.727922
v 3.147114 -48.281089 9.727922
v 1.500000 -47.000000 12.588457
v 1.346666 -46.094133 12.588457
v 0.897114 -45.250000 12.588457
v 0.181981 -44.525126 12.588457
v -0.750000 -43.968911 12.588457
v -1.835314 -43.619260 12.588457
v -3.000000 -43.500000 12.588457
v -4.164686 -43.619260 12.588457
v -5.250000 -43.968911 12.588457
v -6.181981 -44.525126 12.588457
v -6.897114 -45.250000 12.588457
v -7.346666 -46.094133 12.588457
v -7.500000 -47.000000 12.588457
v -7.346666 -47.905867 12.588457
v -6.897114 -48.750000 12.588457
v -6.181981 -49.474874 12.588457
v -5.250000 -50.031089 12.588457
v -4.164686 -50.380740 12.588457
v -3.000000 -50.500000 12.588457
v -1.835314 -50.380740 12.588457
v -0.750000 -50.031089 12.588457
v 0.181981 -49.474874 12.588457
v 0.897114 -48.750000 12.588457
v 1.346666 -47.905867 12.588457
v -0.670629 -47.000000 14.386665
v -0.750000 -46.531089 14.386665
v -0.982705 -46.094133 14.386665
v -1.352886 -45.718911 14.386665
v -1.835314 -45.430993 14.386665
v -2.397114 -45.250000 14.386665
v -3.000000 -45.188267 14.386665
v -3.602886 -45.250000 14.386665
v -4.164686 -45.430993 14.386665
v -4.647114 -45.718911 14.386665
v -5.017295 -46.094133 14.386665
v -5.250000 -46.531089 14.386665
v -5.329371 -47.000000 14.386665
v -5.250000 -47.468911 14.386665
v -5.017295 -47.905867 14.386665
v -4.647114 -48.281089 14.386665
v -4.164686 -48.569007 14.386665
v -3.602886 -48.750000 14.386665
v -3.000000 -48.811733 14.386665
v -2.397114 -48.750000 14.386665
v -1.835314 -48.569007 14.386665
v -1.352886 -48.281089 14.386665
v -0.982705 -47.905867 14.386665
v -0.750000 -47.468911 14.386665
v -3.000000 -47.000000 -20.386665
v -3.000000 -47.000000 14.386665
v -0.670629 47.000000 -20.386665
v -0.750000 47.468911 -20.386665
v -0.982705 47.905867 -20.386665
v -1.352886 48.281089 -20.386665
v -1.835314 48.569007 -20.386665
v -2.397114 48.750000 -20.386665
v -3.000000 48.811733 -20.386665
v -3.602886 48.750000 -20.386665
v -4.164686 48.569007 -20.386665
v -4.647114 48.281089 -20.386665
v -5.017295 47.905867 -20.386665
v -5.250000 47.468911 -20.386665
v -5.329371 47.000000 -20.386665
v -5.250000 46.531089 -20.386665
v -5.017295 46.094133 -20.386665
v -4.647114 45.718911 -20.386665
v -4.164686 45.430993 -20.386665
v -3.602886 45.250000 -20.386665
v -3.000000 45.188267 -20.386665
v -2.397114 45.250000 -20.386665
v -1.835314 45.430993 -20.386665
v -1.352886 45.718911 -20.386665
v -0.982705 46.094133 -20.386665
v -0.750000 46.531089 -20.386665
v 1.500000 47.000000 -18.588457
v 1.346666 47.905867 -18.588457
v 0.897114 48.750000 -18.588457
v 0.181981 49.474874 -18.588457
v -0.750000 50.031089 -18.588457
v -1.835314 50.380740 -18.588457
v -3.000000 50.500000 -18.588457
v -4.164686 50.380740 -18.588457
v -5.250000 50.031089 -18.588457
v -6.181981 49.474874 -18.588457
v -6.897114 48.750000 -18.588457
v -7.346666 47.905867 -18.588457
v -7.500000 47.000000 -18.588457
v -7.346666 46.094133 -18.588457
v -6.897114 45.250000 -18.588457
v -6.181981 44.525126 -18.588457
v -5.250000 43.968911 -18.588457
v -4.164686 43.619260 -18.588457
v -3.000000 43.500000 -18.588457
v -1.835314 43.619260 -18.588457
v -0.750000 43.968911 -18.588457
v 0.181981 44.525126 -18.588457
v 0.897114 45.250000 -18.588457
v 1.346666 46.094133 -18.588457
v 3.363961 47.000000 -15.727922
v 3.147114 48.281089 -15.727922
v 2.511352 49.474874 -15.727922
v 1.500000 50.500000 -15.727922
v 0.181981 51.286607 -15.727922
v -1.352886 51.781089 -15.727922
v -3.000000 51.949747 -15.727922
v -4.647114 51.781089 -15.727922
v -6.181981 51.286607 -15.727922
v -7.500000 50.500000 -15.727922
v -8.511352 49.474874 -15.727922
v -9.147114 48.281089 -15.727922
v -9.363961 47.000000 -15.727922
v -9.147114 45.718911 -15.727922
v -8.511352 44.525126 -15.727922
v -7.500000 43.500000 -15.727922
v -6.181981 42.713393 -15.727922
v -4.647114 42.218911 -15.727922
v -3.000000 42.050253 -15.727922
v -1.352886 42.218911 -15.727922
v 0.181981 42.713393 -15.727922
v 1.500000 43.500000 -15.727922
v 2.511352 44.525126 -15.727922
v 3.147114 45.718911 -15.727922
v 4.794229 47.000000 -12.000000
v 4.528647 48.569007 -12.000000
v 3.750000 50.031089 -12.000000
v 2.511352 51.286607 -12.000000
v 0.897114 52.250000 -12.000000
v -0.982705 52.855614 -12.000000
v -3.000000 53.062178 -12.000000
v -5.017295 52.855614 -12.000000
v -6.897114 52.250000 -12.000000
v -8.511352 51.286607 -12.000000
v -9.750000 50.031089 -12.000000
v -10.528647 48.569007 -12.000000
v -10.794229 47.000000 -12.000000
v -10.528647 45.430993 -12.000000
v -9.750000 43.968911 -12.000000
v -8.511352 42.713393 -12.000000
v -6.897114 41.750000 -12.000000
v -5.017295 41.144386 -12.000000
v -3.000000 40.937822 -12.000000
v -0.982705 41.144386 -12.000000
v 0.897114 41.750000 -12.000000
v 2.511352 42.713393 -12.000000
v 3.750000 43.968911 -12.000000
v 4.528647 45.430993 -12.000000
v 5.693332 47.000000 -7.658743
v 5.397114 48.750000 -7.658743
v 4.528647 50.380740 -7.658743
v 3.147114 51.781089 -7.658743
v 1.346666 52.855614 -7.658743
v -0.750000 53.531089 -7.658743
v -3.000000 53.761481 -7.658743
v -5.250000 53.531089 -7.658743
v -7.346666 52.855614 -7.658743
v -9.147114 51.781089 -7.658743
v -10.528647 50.380740 -7.658743
v -11.397114 48.750000 -7.658743
v -11.693332 47.000000 -7.658743
v -11.397114 45.250000 -7.658743
v -10.528647 43.619260 -7.658743
v -9.147114 42.218911 -7.658743
v -7.346666 41.144386 -7.658743
v -5.250000 40.468911 -7.658743
v -3.000000 40.238519 -7.658743
v -0.750000 40.468911 -7.658743
v 1.346666 41.144386 -7.658743
v 3.147114 42.218911 -7.658743
v 4.528647 43.619260 -7.658743
v 5.397114 45.250000 -7.658743
v 6.000000 47.000000 -3.000000
v 5.693332 48.811733 -3.000000
v 4.794229 50.500000 -3.000000
v 3.363961 51.949747 -3.000000
v 1.500000 53.062178 -3.000000
v -0.670629 53.761481 -3.000000
v -3.000000 54.000000 -3.000000
v -5.329371 53.761481 -3.000000
v -7.500000 53.062178 -3.000000
v -9.363961 51.949747 -3.000000
v -10.794229 50.500000 -3.000000
v -11.693332 48.811733 -3.000000
v -12.000000 47.000000 -3.000000
v -11.693332 45.188267 -3.000000
v -10.794229 43.500000 -3.000000
v -9.363961 42.050253 -3.000000
v -7.500000 40.937822 -3.000000
v -5.329371 40.238519 -3.000000
v -3.000000 40.000000 -3.000000
v -0.670629 40.238519 -3.000000
v 1.500000 40.937822 -3.000000
v 3.363961 42.050253 -3.000000
v 4.794229 43.500000 -3.000000
v 5.693332 45.188267 -3.000000
v 5.693332 47.000000 1.658743
v 5.397114 48.750000 1.658743
v 4.528647 50.380740 1.658743
v 3.147114 51.781089 1.658743
v 1.346666 52.855614 1.658743
v -0.750000 53.531089 1.658743
v -3.000000 53.761481 1.658743
v -5.250000 53.531089 1.658743
v -7.346666 52.855614 1.658743
v -9.147114 51.781089 1.658743
v -10.528647 50.380740 1.658743
v -11.397114 48.750000 1.658743
v -11.693332 47.000000 1.658743
v -11.397114 45.250000 1.658743
v -10.528647 43.619260 1.658743
v -9.147114 42.218911 1.658743
v -7.346666 41.144386 1.658743
v -5.250000 40.468911 1.658743
v -3.000000 40.238519 1.658743
v -0.750000 40.468911 1.658743
v 1.346666 41.144386 1.658743
v 3.147114 42.218911 1.658743
v 4.528647 43.619260 1.658743
v 5.397114 45.250000 1.658743
v 4.794229 47.000000 6.000000
v 4.528647 48.569007 6.000000
v 3.750000 50.031089 6.000000
v 2.511352 51.286607 6.000000
v 0.897114 52.250000 6.000000
v -0.982705 52.855614 6.000000
v -3.000000 53.062178 6.000000
v -5.017295 52.855614 6.000000
v -6.897114 52.250000 6.000000
v -8.511352 51.286607 6.000000
v -9.750000 50.031089 6.000000
v -10.528647 48.569007 6.000000
v -10.794229 47.000000 6.000000
v -10.528647 45.430993 6.000000
v -9.750000 43.968911 6.000000
v -8.511352 42.713393 6.000000
v -6.897114 41.750000 6.000000
v -5.017295 41.144386 6.000000
v -3.000000 40.937822 6.000000
v -0.982705 41.144386 6.000000
v 0.897114 41.750000 6.000000
v 2.511352 42.713393 6.000000
v 3.750000 43.968911 6.000000
v 4.528647 45.430993 6.000000
v 3.363961 47.000000 9.727922
v 3.147114 48.281089 9.727922
v 2.511352 49.474874 9.727922
v 1.500000 50.500000 9.727922
v 0.181981 51.286607 9.727922
v -1.352886 51.781089 9.727922
v -3.000000 51.949747 9.727922
v -4.647114 51.781089 9.727922
v -6.181981 51.286607 9.727922
v -7.500000 50.500000 9.727922
v -8.511352 49.474874 9.727922
v -9.147114 48.281089 9.727922
v -9.363961 47.000000 9.727922
v -9.147114 45.718911 9.727922
v -8.511352 44.525126 9.727922
v -7.500000 43.500000 9.727922
v -6.181981 42.713393 9.727922
v -4.647114 42.218911 9.727922
v -3.000000 42.050253 9.727922
v -1.352886 42.218911 9.727922
v 0.181981 42.713393 9.727922
v 1.500000 43.500000 9.727922
v 2.511352 44.525126 9.727922
v 3.147114 45.718911 9.727922
v 1.500000 47.000000 12.588457
v 1.346666 47.905867 12.588457
v 0.897114 48.750000 12.588457
v 0.181981 49.474874 12.588457
v -0.750000 50.031089 12.588457
v -1.835314 50.380740 12.588457
v -3.000000 50.500000 12.588457
v -4.164686 50.380740 12.588457
v -5.250000 50.031089 12.588457
v -6.181981 49.474874 12.588457
v -6.897114 48.750000 12.588457
v -7.346666 47.905867 12.588457
v -7.500000 47.000000 12.588457
v -7.346666 46.094133 12.588457
v -6.897114 45.250000 12.588457
v -6.181981 44.525126 12.588457
v -5.250000 43.968911 12.588457
v -4.164686 43.619260 12.588457
v -3.000000 43.500000 12.588457
v -1.835314 43.619260 12.588457
v -0.750000 43.968911 12.588457
v 0.181981 44.525126 12.588457
v 0.897114 45.250000 12.588457
v 1.346666 46.094133 12.588457
v -0.670629 47.000000 14.386665
v -0.750000 47.468911 14.386665
v -0.982705 47.905867 14.386665
v -1.352886 48.281089 14.386665
v -1.835314 48.569007 14.386665
v -2.397114 48.750000 14.386665
v -3.000000 48.811733 14.386665
v -3.602886 48.750000 14.386665
v -4.164686 48.569007 14.386665
v -4.647114 48.281089 14.386665
v -5.017295 47.905867 14.386665
v -5.250000 47.468911 14.386665
v -5.329371 47.000000 14.386665
v -5.250000 46.531089 14.386665
v -5.017295 46.094133 14.386665
v -4.647114 45.718911 14.386665
v -4.164686 45.430993 14.386665
v -3.602886 45.250000 14.386665
v -3.000000 45.188267 14.386665
v -2.397114 45.250000 14.386665
v -1.835314 45.430993 14.386665
v -1.352886 45.718911 14.386665
v -0.982705 46.094133 14.386665
v -0.750000 46.531089 14.386665
v -3.000000 47.000000 -20.386665
v -3.000000 47.000000 14.386665
vt 0.000000 0.000000
vt 0.060208 0.000000
vt 0.100151 0.000000
vt 0.133226 0.000000
vt 0.163564 0.000000
vt 0.194760 0.000000
vt 0.236768 0.000000
vt 0.279940 0.000000
vt 0.312831 0.000000
vt 0.345229 0.000000
vt 0.381372 0.000000
vt 0.426986 0.000000
vt 0.500000 0.000000
vt 0.573014 0.000000
vt 0.618628 0.000000
vt 0.654771 0.000000
vt 0.687169 0.000000
vt 0.720060 0.000000
vt 0.763232 0.000000
vt 0.805240 0.000000
vt 0.836436 0.000000
vt 0.866774 0.000000
vt 0.899849 0.000000
vt 0.939792 0.000000
vt 0.000000 0.060000
vt 0.056157 0.060000
vt 0.094065 0.060000
vt 0.125920 0.060000
vt 0.155415 0.060000
vt 0.185929 0.060000
vt 0.227416 0.060000
vt 0.270900 0.060000
vt 0.304325 0.060000
vt 0.337349 0.060000
vt 0.374421 0.060000
vt 0.421953 0.060000
vt 0.500000 0.060000
vt 0.578047 0.060000
vt 0.625579 0.060000
vt 0.662651 0.060000
vt 0.695675 0.060000
vt 0.729100 0.060000
vt 0.772584 0.060000
vt 0.814071 0.060000
vt 0.844585 0.060000
vt 0.874080 0.060000
vt 0.905935 0.060000
vt 0.943843 0.060000
vt 0.000000 0.190000
vt 0.055693 0.190000
vt 0.093934 0.190000
vt 0.126951 0.190000
vt 0.158520 0.190000
vt 0.192221 0.190000
vt 0.238914 0.190000
vt 0.286949 0.190000
vt 0.322666 0.190000
vt 0.356576 0.190000
vt 0.392607 0.190000
vt 0.435444 0.190000
vt 0.500000 0.190000
vt 0.564556 0.190000
vt 0.607393 0.190000
vt 0.643424 0.190000
vt 0.677334 0.190000
vt 0.713051 0.190000
vt 0.761086 0.190000
vt 0.807779 0.190000
vt 0.841480 0.190000
vt 0.873049 0.190000
vt 0.906066 0.190000
vt 0.944307 0.190000
vt 0.000000 0.360000
vt 0.055586 0.360000
vt 0.094283 0.360000
vt 0.128459 0.360000
vt 0.162018 0.360000
vt 0.198717 0.360000
vt 0.250000 0.360000
vt 0.301283 0.360000
vt 0.337982 0.360000
vt 0.371541 0.360000
vt 0.405717 0.360000
vt 0.444414 0.360000
vt 0.500000 0.360000
vt 0.555586 0.360000
vt 0.594283 0.360000
vt 0.628459 0.360000
vt 0.662018 0.360000
vt 0.698717 0.360000
vt 0.750000 0.360000
vt 0.801283 0.360000
vt 0.837982 0.360000
vt 0.871541 0.360000
vt 0.905717 0.360000
vt 0.944414 0.360000
vt 0.000000 0.550000
vt 0.053398 0.550000
vt 0.091104 0.550000
vt 0.125000 0.550000
vt 0.158896 0.550000
vt 0.196602 0.550000
vt 0.250000 0.550000
vt 0.303398 0.550000
vt 0.341104 0.550000
vt 0.375000 0.550000
vt 0.408896 0.550000
vt 0.446602 0.550000
vt 0.500000 0.550000
vt 0.553398 0.550000
vt 0.591104 0.550000
vt 0.625000 0.550000
vt 0.658896 0.550000
vt 0.696602 0.550000
vt 0.750000 0.550000
vt 0.803398 0.550000
vt 0.841104 0.550000
vt 0.875000 0.550000
vt 0.908896 0.550000
vt 0.946602 0.550000
vt 0.000000 0.740000
vt 0.057061 0.740000
vt 0.096738 0.740000
vt 0.131861 0.740000
vt 0.166500 0.740000
vt 0.204486 0.740000
vt 0.257229 0.740000
vt 0.308837 0.740000
vt 0.345125 0.740000
vt 0.377910 0.740000
vt 0.410904 0.740000
vt 0.447765 0.740000
vt 0.500000 0.740000
vt 0.552235 0.740000
vt 0.589096 0.740000
vt 0.622090 0.740000
vt 0.654875 0.740000
vt 0.691163 0.740000
vt 0.742771 0.740000
vt 0.795514 0.740000
vt 0.833500 0.740000
vt 0.868139 0.740000
vt 0.903262 0.740000
vt 0.942939 0.740000
vt 0.000000 0.900000
vt 0.062921 0.900000
vt 0.105260 0.900000
vt 0.141460 0.900000
vt 0.176058 0.900000
vt 0.212955 0.900000
vt 0.262876 0.900000
vt 0.311078 0.900000
vt 0.345382 0.900000
vt 0.377035 0.900000
vt 0.409607 0.900000
vt 0.446715 0.900000
vt 0.500000 0.900000
vt 0.553285 0.900000
vt 0.590393 0.900000
vt 0.622965 0.900000
vt 0.654618 0.900000
vt 0.688922 0.900000
vt 0.737124 0.900000
vt 0.787045 0.900000
vt 0.823942 0.900000
vt 0.858540 0.900000
vt 0.894740 0.900000
vt 0.937079 0.900000
vt 0.000000 0.980000
vt 0.078643 0.980000
vt 0.126676 0.980000
vt 0.164387 0.980000
vt 0.198238 0.980000
vt 0.232682 0.980000
vt 0.277405 0.980000
vt 0.319516 0.980000
vt 0.350094 0.980000
vt 0.379301 0.980000
vt 0.410410 0.980000
vt 0.446843 0.980000
vt 0.500000 0.980000
vt 0.553157 0.980000
vt 0.589590 0.980000
vt 0.620699 0.980000
vt 0.649906 0.980000
vt 0.680484 0.980000
vt 0.722595 0.980000
vt 0.767318 0.980000
vt 0.801762 0.980000
vt 0.835613 0.980000
vt 0.873324 0.980000
vt 0.921357 0.980000
vt 0.000000 1.000000
vt 0.130849 1.000000
vt 0.182146 1.000000
vt 0.214499 1.000000
vt 0.241158 1.000000
vt 0.267476 1.000000
vt 0.301208 1.000000
vt 0.333073 1.000000
vt 0.357735 1.000000
vt 0.383040 1.000000
vt 0.411759 1.000000
vt 0.447062 1.000000
vt 0.500000 1.000000
vt 0.552938 1.000000
vt 0.588241 1.000000
vt 0.616960 1.000000
vt 0.642265 1.000000
vt 0.666927 1.000000
vt 0.698792 1.000000
vt 0.732524 1.000000
vt 0.758842 1.000000
vt 0.785501 1.000000
vt 0.817854 1.000000
vt 0.869151 1.000000
vt 0.000000 0.000000
vt 0.500000 1.000000
vt 0.000000 0.325793
vt 0.001768 0.325793
vt 0.003438 0.325793
vt 0.004917 0.325793
vt 0.006110 0.325793
vt 0.006935 0.325793
vt 0.007318 0.325793
vt 0.007208 0.325793
vt 0.006585 0.325793
vt 0.005465 0.325793
vt 0.003914 0.325793
vt 0.002043 0.325793
vt 0.000000 0.325793
vt 0.997957 0.325793
vt 0.996086 0.325793
vt 0.994535 0.325793
vt 0.993415 0.325793
vt 0.992792 0.325793
vt 0.992682 0.325793
vt 0.993065 0.325793
vt 0.993890 0.325793
vt 0.995083 0.325793
vt 0.996562 0.325793
vt 0.998232 0.325793
vt 0.000000 0.342776
vt 0.003213 0.342776
vt 0.006284 0.342776
vt 0.009067 0.342776
vt 0.011407 0.342776
vt 0.013143 0.342776
vt 0.014110 0.342776
vt 0.014158 0.342776
vt 0.013175 0.342776
vt 0.011123 0.342776
vt 0.008078 0.342776
vt 0.004254 0.342776
vt 0.000000 0.342776
vt 0.995746 0.342776
vt 0.991922 0.342776
vt 0.988877 0.342776
vt 0.986825 0.342776
vt 0.985842 0.342776
vt 0.985890 0.342776
vt 0.986857 0.342776
vt 0.988593 0.342776
vt 0.990933 0.342776
vt 0.993716 0.342776
vt 0.996787 0.342776
vt 0.000000 0.369792
vt 0.004324 0.369792
vt 0.008492 0.369792
vt 0.012337 0.369792
vt 0.015670 0.369792
vt 0.018274 0.369792
vt 0.019903 0.369792
vt 0.020293 0.369792
vt 0.019204 0.369792
vt 0.016476 0.369792
vt 0.012130 0.369792
vt 0.006448 0.369792
vt 0.000000 0.369792
vt 0.993552 0.369792
vt 0.987870 0.369792
vt 0.983524 0.369792
vt 0.980796 0.369792
vt 0.979707 0.369792
vt 0.980097 0.369792
vt 0.981726 0.369792
vt 0.984330 0.369792
vt 0.987663 0.369792
vt 0.991508 0.369792
vt 0.995676 0.369792
vt 0.000000 0.405000
vt 0.005106 0.405000
vt 0.010057 0.405000
vt 0.014680 0.405000
vt 0.018774 0.405000
vt 0.022086 0.405000
vt 0.024313 0.405000
vt 0.025097 0.405000
vt 0.024070 0.405000
vt 0.020929 0.405000
vt 0.015590 0.405000
vt 0.008355 0.405000
vt 0.000000 0.405000
vt 0.991645 0.405000
vt 0.984410 0.405000
vt 0.979071 0.405000
vt 0.975930 0.405000
vt 0.974903 0.405000
vt 0.975687 0.405000
vt 0.977914 0.405000
vt 0.981226 0.405000
vt 0.985320 0.405000
vt 0.989943 0.405000
vt 0.994894 0.405000
vt 0.000000 0.446001
vt 0.005569 0.446001
vt 0.010988 0.446001
vt 0.016086 0.446001
vt 0.020654 0.446001
vt 0.024427 0.446001
vt 0.027066 0.446001
vt 0.028156 0.446001
vt 0.027237 0.446001
vt 0.023895 0.446001
vt 0.017943 0.446001
vt 0.009672 0.446001
vt 0.000000 0.446001
vt 0.990328 0.446001
vt 0.982057 0.446001
vt 0.976105 0.446001
vt 0.972763 0.446001
vt 0.971844 0.446001
vt 0.972934 0.446001
vt 0.975573 0.446001
vt 0.979346 0.446001
vt 0.983914 0.446001
vt 0.989012 0.446001
vt 0.994431 0.446001
vt 0.000000 0.490000
vt 0.005723 0.490000
vt 0.011297 0.490000
vt 0.016553 0.490000
vt 0.021283 0.490000
vt 0.025216 0.490000
vt 0.028002 0.490000
vt 0.029206 0.490000
vt 0.028337 0.490000
vt 0.024937 0.490000
vt 0.018780 0.490000
vt 0.010144 0.490000
vt 0.000000 0.490000
vt 0.989856 0.490000
vt 0.981220 0.490000
vt 0.975063 0.490000
vt 0.971663 0.490000
vt 0.970794 0.490000
vt 0.971998 0.490000
vt 0.974784 0.490000
vt 0.978717 0.490000
vt 0.983447 0.490000
vt 0.988703 0.490000
vt 0.994277 0.490000
vt 0.000000 0.533999
vt 0.005569 0.533999
vt 0.010988 0.533999
vt 0.016086 0.533999
vt 0.020654 0.533999
vt 0.024427 0.533999
vt 0.027066 0.533999
vt 0.028156 0.533999
vt 0.027237 0.533999
vt 0.023895 0.533999
vt 0.017943 0.533999
vt 0.009672 0.533999
vt 0.000000 0.533999
vt 0.990328 0.533999
vt 0.982057 0.533999
vt 0.976105 0.533999
vt 0.972763 0.533999
vt 0.971844 0.533999
vt 0.972934 0.533999
vt 0.975573 0.533999
vt 0.979346 0.533999
vt 0.983914 0.533999
vt 0.989012 0.533999
vt 0.994431 0.533999
vt 0.000000 0.575000
vt 0.005106 0.575000
vt 0.010057 0.575000
vt 0.014680 0.575000
vt 0.018774 0.575000
vt 0.022086 0.575000
vt 0.024313 0.575000
vt 0.025097 0.575000
vt 0.024070 0.575000
vt 0.020929 0.575000
vt 0.015590 0.575000
vt 0.008355 0.575000
vt 0.000000 0.575000
vt 0.991645 0.575000
vt 0.984410 0.575000
vt 0.979071 0.575000
vt 0.975930 0.575000
vt 0.974903 0.575000
vt 0.975687 0.575000
vt 0.977914 0.575000
vt 0.981226 0.575000
vt 0.985320 0.575000
vt 0.989943 0.575000
vt 0.994894 0.575000
vt 0.000000 0.610208
vt 0.004324 0.610208
vt 0.008492 0.610208
vt 0.012337 0.610208
vt 0.015670 0.610208
vt 0.018274 0.610208
vt 0.019903 0.610208
vt 0.020293 0.610208
vt 0.019204 0.610208
vt 0.016476 0.610208
vt 0.012130 0.610208
vt 0.006448 0.610208
vt 0.000000 0.610208
vt 0.993552 0.610208
vt 0.987870 0.610208
vt 0.983524 0.610208
vt 0.980796 0.610208
vt 0.979707 0.610208
vt 0.980097 0.610208
vt 0.981726 0.610208
vt 0.984330 0.610208
vt 0.987663 0.610208
vt 0.991508 0.610208
vt 0.995676 0.610208
vt 0.000000 0.637224
vt 0.003213 0.637224
vt 0.006284 0.637224
vt 0.009067 0.637224
vt 0.011407 0.637224
vt 0.013143 0.637224
vt 0.014110 0.637224
vt 0.014158 0.637224
vt 0.013175 0.637224
vt 0.011123 0.637224
vt 0.008078 0.637224
vt 0.004254 0.637224
vt 0.000000 0.637224
vt 0.995746 0.637224
vt 0.991922 0.637224
vt 0.988877 0.637224
vt 0.986825 0.637224
vt 0.985842 0.637224
vt 0.985890 0.637224
vt 0.986857 0.637224
vt 0.988593 0.637224
vt 0.990933 0.637224
vt 0.993716 0.637224
vt 0.996787 0.637224
vt 0.000000 0.654207
vt 0.001768 0.654207
vt 0.003438 0.654207
vt 0.004917 0.654207
vt 0.006110 0.654207
vt 0.006935 0.654207
vt 0.007318 0.654207
vt 0.007208 0.654207
vt 0.006585 0.654207
vt 0.005465 0.654207
vt 0.003914 0.654207
vt 0.002043 0.654207
vt 0.000000 0.654207
vt 0.997957 0.654207
vt 0.996086 0.654207
vt 0.994535 0.654207
vt 0.993415 0.654207
vt 0.992792 0.654207
vt 0.992682 0.654207
vt 0.993065 0.654207
vt 0.993890 0.654207
vt 0.995083 0.654207
vt 0.996562 0.654207
vt 0.998232 0.654207
vt 1.000000 0.325793
vt 1.000000 0.654207
vt 0.747729 0.296133
vt 0.747435 0.296133
vt 0.746607 0.296133
vt 0.745292 0.296133
vt 0.743574 0.296133
vt 0.741577 0.296133
vt 0.739449 0.296133
vt 0.737354 0.296133
vt 0.735451 0.296133
vt 0.733878 0.296133
vt 0.732744 0.296133
vt 0.732119 0.296133
vt 0.732030 0.296133
vt 0.732469 0.296133
vt 0.733392 0.296133
vt 0.734728 0.296133
vt 0.736386 0.296133
vt 0.738259 0.296133
vt 0.740231 0.296133
vt 0.742180 0.296133
vt 0.743989 0.296133
vt 0.745541 0.296133
vt 0.746736 0.296133
vt 0.747486 0.296133
vt 0.755078 0.314115
vt 0.754648 0.314115
vt 0.753155 0.314115
vt 0.750650 0.314115
vt 0.747285 0.314115
vt 0.743307 0.314115
vt 0.739041 0.314115
vt 0.734850 0.314115
vt 0.731086 0.314115
vt 0.728043 0.314115
vt 0.725927 0.314115
vt 0.724845 0.314115
vt 0.724815 0.314115
vt 0.725781 0.314115
vt 0.727631 0.314115
vt 0.730216 0.314115
vt 0.733360 0.314115
vt 0.736873 0.314115
vt 0.740556 0.314115
vt 0.744205 0.314115
vt 0.747614 0.314115
vt 0.750585 0.314115
vt 0.752928 0.314115
vt 0.754473 0.314115
vt 0.761372 0.342721
vt 0.760938 0.342721
vt 0.758967 0.342721
vt 0.755486 0.342721
vt 0.750678 0.342721
vt 0.744902 0.342721
vt 0.738665 0.342721
vt 0.732552 0.342721
vt 0.727124 0.342721
vt 0.722827 0.342721
vt 0.719939 0.342721
vt 0.718572 0.342721
vt 0.718701 0.342721
vt 0.720200 0.342721
vt 0.722885 0.342721
vt 0.726535 0.342721
vt 0.730908 0.342721
vt 0.735755 0.342721
vt 0.740819 0.342721
vt 0.745843 0.342721
vt 0.750565 0.342721
vt 0.754726 0.342721
vt 0.758072 0.342721
vt 0.760360 0.342721
vt 0.766179 0.380000
vt 0.765813 0.380000
vt 0.763541 0.380000
vt 0.759347 0.380000
vt 0.753419 0.380000
vt 0.746199 0.380000
vt 0.738358 0.380000
vt 0.730687 0.380000
vt 0.723943 0.380000
vt 0.718696 0.380000
vt 0.715270 0.380000
vt 0.713756 0.380000
vt 0.714071 0.380000
vt 0.716025 0.380000
vt 0.719368 0.380000
vt 0.723826 0.380000
vt 0.729112 0.380000
vt 0.734937 0.380000
vt 0.741011 0.380000
vt 0.747041 0.380000
vt 0.752732 0.380000
vt 0.757787 0.380000
vt 0.761907 0.380000
vt 0.764797 0.380000
vt 0.769186 0.423413
vt 0.768894 0.423413
vt 0.766465 0.423413
vt 0.761842 0.423413
vt 0.755207 0.423413
vt 0.747051 0.423413
vt 0.738156 0.423413
vt 0.729468 0.423413
vt 0.721878 0.423413
vt 0.716042 0.423413
vt 0.712305 0.423413
vt 0.710730 0.423413
vt 0.711191 0.423413
vt 0.713448 0.423413
vt 0.717211 0.423413
vt 0.722172 0.423413
vt 0.728019 0.423413
vt 0.734441 0.423413
vt 0.741128 0.423413
vt 0.747770 0.423413
vt 0.754054 0.423413
vt 0.759661 0.423413
vt 0.764268 0.423413
vt 0.767549 0.423413
vt 0.770208 0.470000
vt 0.769947 0.470000
vt 0.767470 0.470000
vt 0.762705 0.470000
vt 0.755829 0.470000
vt 0.747348 0.470000
vt 0.738086 0.470000
vt 0.729043 0.470000
vt 0.721162 0.470000
vt 0.715128 0.470000
vt 0.711289 0.470000
vt 0.709700 0.470000
vt 0.710215 0.470000
vt 0.712578 0.470000
vt 0.716485 0.470000
vt 0.721617 0.470000
vt 0.727653 0.470000
vt 0.734274 0.470000
vt 0.741167 0.470000
vt 0.748015 0.470000
vt 0.754498 0.470000
vt 0.760292 0.470000
vt 0.765064 0.470000
vt 0.768480 0.470000
vt 0.769186 0.516587
vt 0.768894 0.516587
vt 0.766465 0.516587
vt 0.761842 0.516587
vt 0.755207 0.516587
vt 0.747051 0.516587
vt 0.738156 0.516587
vt 0.729468 0.516587
vt 0.721878 0.516587
vt 0.716042 0.516587
vt 0.712305 0.516587
vt 0.710730 0.516587
vt 0.711191 0.516587
vt 0.713448 0.516587
vt 0.717211 0.516587
vt 0.722172 0.516587
vt 0.728019 0.516587
vt 0.734441 0.516587
vt 0.741128 0.516587
vt 0.747770 0.516587
vt 0.754054 0.516587
vt 0.759661 0.516587
vt 0.764268 0.516587
vt 0.767549 0.516587
vt 0.766179 0.560000
vt 0.765813 0.560000
vt 0.763541 0.560000
vt 0.759347 0.560000
vt 0.753419 0.560000
vt 0.746199 0.560000
vt 0.738358 0.560000
vt 0.730687 0.560000
vt 0.723943 0.560000
vt 0.718696 0.560000
vt 0.715270 0.560000
vt 0.713756 0.560000
vt 0.714071 0.560000
vt 0.716025 0.560000
vt 0.719368 0.560000
vt 0.723826 0.560000
vt 0.729112 0.560000
vt 0.734937 0.560000
vt 0.741011 0.560000
vt 0.747041 0.560000
vt 0.752732 0.560000
vt 0.757787 0.560000
vt 0.761907 0.560000
vt 0.764797 0.560000
vt 0.761372 0.597279
vt 0.760938 0.597279
vt 0.758967 0.597279
vt 0.755486 0.597279
vt 0.750678 0.597279
vt 0.744902 0.597279
vt 0.738665 0.597279
vt 0.732552 0.597279
vt 0.727124 0.597279
vt 0.722827 0.597279
vt 0.719939 0.597279
vt 0.718572 0.597279
vt 0.718701 0.597279
vt 0.720200 0.597279
vt 0.722885 0.597279
vt 0.726535 0.597279
vt 0.730908 0.597279
vt 0.735755 0.597279
vt 0.740819 0.597279
vt 0.745843 0.597279
vt 0.750565 0.597279
vt 0.754726 0.597279
vt 0.758072 0.597279
vt 0.760360 0.597279
vt 0.755078 0.625885
vt 0.754648 0.625885
vt 0.753155 0.625885
vt 0.750650 0.625885
vt 0.747285 0.625885
vt 0.743307 0.625885
vt 0.739041 0.625885
vt 0.734850 0.625885
vt 0.731086 0.625885
vt 0.728043 0.625885
vt 0.725927 0.625885
vt 0.724845 0.625885
vt 0.724815 0.625885
vt 0.725781 0.625885
vt 0.727631 0.625885
vt 0.730216 0.625885
vt 0.733360 0.625885
vt 0.736873 0.625885
vt 0.740556 0.625885
vt 0.744205 0.625885
vt 0.747614 0.625885
vt 0.750585 0.625885
vt 0.752928 0.625885
vt 0.754473 0.625885
vt 0.747729 0.643867
vt 0.747435 0.643867
vt 0.746607 0.643867
vt 0.745292 0.643867
vt 0.743574 0.643867
vt 0.741577 0.643867
vt 0.739449 0.643867
vt 0.737354 0.643867
vt 0.735451 0.643867
vt 0.733878 0.643867
vt 0.732744 0.643867
vt 0.732119 0.643867
vt 0.732030 0.643867
vt 0.732469 0.643867
vt 0.733392 0.643867
vt 0.734728 0.643867
vt 0.736386 0.643867
vt 0.738259 0.643867
vt 0.740231 0.643867
vt 0.742180 0.643867
vt 0.743989 0.643867
vt 0.745541 0.643867
vt 0.746736 0.643867
vt 0.747486 0.643867
vt 0.739855 0.296133
vt 0.739855 0.643867
vt 0.252271 0.296133
vt 0.252514 0.296133
vt 0.253264 0.296133
vt 0.254459 0.296133
vt 0.256011 0.296133
vt 0.257820 0.296133
vt 0.259769 0.296133
vt 0.261741 0.296133
vt 0.263614 0.296133
vt 0.265272 0.296133
vt 0.266608 0.296133
vt 0.267531 0.296133
vt 0.267970 0.296133
vt 0.267881 0.296133
vt 0.267256 0.296133
vt 0.266122 0.296133
vt 0.264549 0.296133
vt 0.262646 0.296133
vt 0.260551 0.296133
vt 0.258423 0.296133
vt 0.256426 0.296133
vt 0.254708 0.296133
vt 0.253393 0.296133
vt 0.252565 0.296133
vt 0.244922 0.314115
vt 0.245527 0.314115
vt 0.247072 0.314115
vt 0.249415 0.314115
vt 0.252386 0.314115
vt 0.255795 0.314115
vt 0.259444 0.314115
vt 0.263127 0.314115
vt 0.266640 0.314115
vt 0.269784 0.314115
vt 0.272369 0.314115
vt 0.274219 0.314115
vt 0.275185 0.314115
vt 0.275155 0.314115
vt 0.274073 0.314115
vt 0.271957 0.314115
vt 0.268914 0.314115
vt 0.265150 0.314115
vt 0.260959 0.314115
vt 0.256693 0.314115
vt 0.252715 0.314115
vt 0.249350 0.314115
vt 0.246845 0.314115
vt 0.245352 0.314115
vt 0.238628 0.342721
vt 0.239640 0.342721
vt 0.241928 0.342721
vt 0.245274 0.342721
vt 0.249435 0.342721
vt 0.254157 0.342721
vt 0.259181 0.342721
vt 0.264245 0.342721
vt 0.269092 0.342721
vt 0.273465 0.342721
vt 0.277115 0.342721
vt 0.279800 0.342721
vt 0.281299 0.342721
vt 0.281428 0.342721
vt 0.280061 0.342721
vt 0.277173 0.342721
vt 0.272876 0.342721
vt 0.267448 0.342721
vt 0.261335 0.342721
vt 0.255098 0.342721
vt 0.249322 0.342721
vt 0.244514 0.342721
vt 0.241033 0.342721
vt 0.239062 0.342721
vt 0.233821 0.380000
vt 0.235203 0.380000
vt 0.238093 0.380000
vt 0.242213 0.380000
vt 0.247268 0.380000
vt 0.252959 0.380000
vt 0.258989 0.380000
vt 0.265063 0.380000
vt 0.270888 0.380000
vt 0.276174 0.380000
vt 0.280632 0.380000
vt 0.283975 0.380000
vt 0.285929 0.380000
vt 0.286244 0.380000
vt 0.284730 0.380000
vt 0.281304 0.380000
vt 0.276057 0.380000
vt 0.269313 0.380000
vt 0.261642 0.380000
vt 0.253801 0.380000
vt 0.246581 0.380000
vt 0.240653 0.380000
vt 0.236459 0.380000
vt 0.234187 0.380000
vt 0.230814 0.423413
vt 0.232451 0.423413
vt 0.235732 0.423413
vt 0.240339 0.423413
vt 0.245946 0.423413
vt 0.252230 0.423413
vt 0.258872 0.423413
vt 0.265559 0.423413
vt 0.271981 0.423413
vt 0.277828 0.423413
vt 0.282789 0.423413
vt 0.286552 0.423413
vt 0.288809 0.423413
vt 0.289270 0.423413
vt 0.287695 0.423413
vt 0.283958 0.423413
vt 0.278122 0.423413
vt 0.270532 0.423413
vt 0.261844 0.423413
vt 0.252949 0.423413
vt 0.244793 0.423413
vt 0.238158 0.423413
vt 0.233535 0.423413
vt 0.231106 0.423413
vt 0.229792 0.470000
vt 0.231520 0.470000
vt 0.234936 0.470000
vt 0.239708 0.470000
vt 0.245502 0.470000
vt 0.251985 0.470000
vt 0.258833 0.470000
vt 0.265726 0.470000
vt 0.272347 0.470000
vt 0.278383 0.470000
vt 0.283515 0.470000
vt 0.287422 0.470000
vt 0.289785 0.470000
vt 0.290300 0.470000
vt 0.288711 0.470000
vt 0.284872 0.470000
vt 0.278838 0.470000
vt 0.270957 0.470000
vt 0.261914 0.470000
vt 0.252652 0.470000
vt 0.244171 0.470000
vt 0.237295 0.470000
vt 0.232530 0.470000
vt 0.230053 0.470000
vt 0.230814 0.516587
vt 0.232451 0.516587
vt 0.235732 0.516587
vt 0.240339 0.516587
vt 0.245946 0.516587
vt 0.252230 0.516587
vt 0.258872 0.516587
vt 0.265559 0.516587
vt 0.271981 0.516587
vt 0.277828 0.516587
vt 0.282789 0.516587
vt 0.286552 0.516587
vt 0.288809 0.516587
vt 0.289270 0.516587
vt 0.287695 0.516587
vt 0.283958 0.516587
vt 0.278122 0.516587
vt 0.270532 0.516587
vt 0.261844 0.516587
vt 0.252949 0.516587
vt 0.244793 0.516587
vt 0.238158 0.516587
vt 0.233535 0.516587
vt 0.231106 0.516587
vt 0.233821 0.560000
vt 0.235203 0.560000
vt 0.238093 0.560000
vt 0.242213 0.560000
vt 0.247268 0.560000
vt 0.252959 0.560000
vt 0.258989 0.560000
vt 0.265063 0.560000
vt 0.270888 0.560000
vt 0.276174 0.560000
vt 0.280632 0.560000
vt 0.283975 0.560000
vt 0.285929 0.560000
vt 0.286244 0.560000
vt 0.284730 0.560000
vt 0.281304 0.560000
vt 0.276057 0.560000
vt 0.269313 0.560000
vt 0.261642 0.560000
vt 0.253801 0.560000
vt 0.246581 0.560000
vt 0.240653 0.560000
vt 0.236459 0.560000
vt 0.234187 0.560000
vt 0.238628 0.597279
vt 0.239640 0.597279
vt 0.241928 0.597279
vt 0.245274 0.597279
vt 0.249435 0.597279
vt 0.254157 0.597279
vt 0.259181 0.597279
vt 0.264245 0.597279
vt 0.269092 0.597279
vt 0.273465 0.597279
vt 0.277115 0.597279
vt 0.279800 0.597279
vt 0.281299 0.597279
vt 0.281428 0.597279
vt 0.280061 0.597279
vt 0.277173 0.597279
vt 0.272876 0.597279
vt 0.267448 0.597279
vt 0.261335 0.597279
vt 0.255098 0.597279
vt 0.249322 0.597279
vt 0.244514 0.597279
vt 0.241033 0.597279
vt 0.239062 0.597279
vt 0.244922 0.625885
vt 0.245527 0.625885
vt 0.247072 0.625885
vt 0.249415 0.625885
vt 0.252386 0.625885
vt 0.255795 0.625885
vt 0.259444 0.625885
vt 0.263127 0.625885
vt 0.266640 0.625885
vt 0.269784 0.625885
vt 0.272369 0.625885
vt 0.274219 0.625885
vt 0.275185 0.625885
vt 0.275155 0.625885
vt 0.274073 0.625885
vt 0.271957 0.625885
vt 0.268914 0.625885
vt 0.265150 0.625885
vt 0.260959 0.625885
vt 0.256693 0.625885
vt 0.252715 0.625885
vt 0.249350 0.625885
vt 0.246845 0.625885
vt 0.245352 0.625885
vt 0.252271 0.643867
vt 0.252514 0.643867
vt 0.253264 0.643867
vt 0.254459 0.643867
vt 0.256011 0.643867
vt 0.257820 0.643867
vt 0.259769 0.643867
vt 0.261741 0.643867
vt 0.263614 0.643867
vt 0.265272 0.643867
vt 0.266608 0.643867
vt 0.267531 0.643867
vt 0.267970 0.643867
vt 0.267881 0.643867
vt 0.267256 0.643867
vt 0.266122 0.643867
vt 0.264549 0.643867
vt 0.262646 0.643867
vt 0.260551 0.643867
vt 0.258423 0.643867
vt 0.256426 0.643867
vt 0.254708 0.643867
vt 0.253393 0.643867
vt 0.252565 0.643867
vt 0.260145 0.296133
vt 0.260145 0.643867
vn 0.252564 0.006872 -0.967556
vn 0.234740 0.046305 -0.970955
vn 0.210233 0.099775 -0.972547
vn 0.165980 0.150879 -0.974519
vn 0.107771 0.195836 -0.974697
vn 0.040654 0.232661 -0.971708
vn -0.010098 0.236104 -0.971675
vn -0.069329 0.222354 -0.972498
vn -0.151590 0.202013 -0.967580
vn -0.228288 0.158788 -0.960558
vn -0.291037 0.101232 -0.951341
vn -0.336943 0.037184 -0.940791
vn -0.333057 -0.009062 -0.942863
vn -0.303236 -0.059817 -0.951036
vn -0.263767 -0.125182 -0.956429
vn -0.197812 -0.179815 -0.963606
vn -0.120377 -0.218743 -0.968329
vn -0.042324 -0.242218 -0.969298
vn 0.010000 -0.233809 -0.972231
vn 0.064943 -0.208285 -0.975910
vn 0.132126 -0.176075 -0.975469
vn 0.186978 -0.130054 -0.973717
vn 0.227369 -0.079086 -0.970592
vn 0.254886 -0.028128 -0.966562
vn 0.707874 0.010671 -0.706259
vn 0.682834 0.122819 -0.720176
vn 0.629798 0.287602 -0.721553
vn 0.518759 0.456686 -0.722722
vn 0.350022 0.606962 -0.713500
vn 0.140982 0.709830 -0.690120
vn -0.014490 0.723846 -0.689810
vn -0.180430 0.682611 -0.708157
vn -0.391166 0.580779 -0.713923
vn -0.555698 0.426851 -0.713441
vn -0.661910 0.257375 -0.704012
vn -0.716359 0.095389 -0.691181
vn -0.727629 -0.010969 -0.685883
vn -0.712489 -0.128153 -0.689881
vn -0.652003 -0.297742 -0.697311
vn -0.535027 -0.471007 -0.701355
vn -0.358661 -0.621943 -0.696096
vn -0.143015 -0.720062 -0.679013
vn 0.014601 -0.729373 -0.683960
vn 0.180894 -0.684365 -0.706344
vn 0.389360 -0.578098 -0.717079
vn 0.549220 -0.421875 -0.721373
vn 0.651196 -0.253209 -0.715422
vn 0.707193 -0.094169 -0.700721
vn 0.931854 0.007861 -0.362747
vn 0.913461 0.165381 -0.371803
vn 0.840354 0.398653 -0.367263
vn 0.686887 0.631037 -0.360525
vn 0.455286 0.818413 -0.350592
vn 0.183393 0.920996 -0.343707
vn -0.007582 0.931652 -0.363273
vn -0.201602 0.887439 -0.414498
vn -0.449918 0.752147 -0.481506
vn -0.638715 0.549572 -0.538530
vn -0.751769 0.329464 -0.571224
vn -0.804192 0.125384 -0.580994
vn -0.810111 -0.006834 -0.586237
vn -0.795422 -0.144010 -0.588698
vn -0.741502 -0.351758 -0.571351
vn -0.622529 -0.571912 -0.534203
vn -0.428463 -0.770197 -0.472457
vn -0.179369 -0.900787 -0.395486
vn 0.007591 -0.932708 -0.360551
vn 0.207036 -0.911360 -0.355750
vn 0.480363 -0.803044 -0.352664
vn 0.707447 -0.608711 -0.359152
vn 0.853625 -0.374102 -0.362452
vn 0.922946 -0.143899 -0.357020
vn 0.990795 0.003652 -0.135325
vn 0.973955 0.180989 -0.136580
vn 0.888894 0.441675 -0.121615
vn 0.715648 0.691095 -0.101170
vn 0.467316 0.880423 -0.080446
vn 0.189890 0.979542 -0.066626
vn -0.002416 0.996954 -0.077953
vn -0.197696 0.974139 -0.109405
vn -0.472385 0.867366 -0.156618
vn -0.711163 0.670351 -0.211839
vn -0.871150 0.419933 -0.254468
vn -0.948025 0.166248 -0.271311
vn -0.957465 -0.003529 -0.288527
vn -0.939092 -0.174510 -0.296061
vn -0.863190 -0.428903 -0.266354
vn -0.701545 -0.677475 -0.221047
vn -0.462624 -0.871583 -0.162238
vn -0.189301 -0.976503 -0.102992
vn 0.002415 -0.996606 -0.082282
vn 0.198211 -0.976680 -0.082511
vn 0.476517 -0.874953 -0.085954
vn 0.723825 -0.682286 -0.102775
vn 0.894284 -0.431085 -0.120089
vn 0.976800 -0.171294 -0.128533
vn 0.994658 -0.000583 0.103227
vn 0.978678 0.182171 0.094889
vn 0.887859 0.449080 0.100165
vn 0.708478 0.698731 0.099161
vn 0.459664 0.883144 0.093620
vn 0.188468 0.978364 0.085348
vn 0.000887 0.997038 0.076909
vn -0.186282 0.980155 0.067790
vn -0.458449 0.887092 0.053782
vn -0.709500 0.703788 0.035945
vn -0.891051 0.453525 0.018535
vn -0.982714 0.184992 0.007097
vn -1.000000 0.000587 -0.000333
vn -0.983113 -0.182996 -0.000854
vn -0.892287 -0.451320 0.011594
vn -0.711679 -0.701888 0.029420
vn -0.461119 -0.885940 0.049791
vn -0.188707 -0.979603 0.069055
vn -0.000887 -0.996824 0.079630
vn 0.185949 -0.978405 0.090263
vn 0.456577 -0.883470 0.104965
vn 0.705406 -0.699727 0.113068
vn 0.885353 -0.450624 0.114406
vn 0.976236 -0.183773 0.114856
vn 0.921474 -0.005395 0.388402
vn 0.910567 0.159848 0.381204
vn 0.833069 0.405627 0.376115
vn 0.677604 0.645917 0.351630
vn 0.451023 0.835939 0.312705
vn 0.191340 0.942450 0.274184
vn 0.004982 0.969857 0.243624
vn -0.177701 0.956381 0.231856
vn -0.443751 0.863327 0.240316
vn -0.686714 0.683460 0.247602
vn -0.861404 0.441578 0.250983
vn -0.949597 0.183593 0.254086
vn -0.970445 0.005682 0.241254
vn -0.957814 -0.168142 0.233069
vn -0.872450 -0.424802 0.241609
vn -0.702392 -0.669545 0.241569
vn -0.461134 -0.854677 0.238500
vn -0.193051 -0.950876 0.242003
vn -0.004984 -0.970315 0.241794
vn 0.176422 -0.949499 0.259473
vn 0.434751 -0.845817 0.309168
vn 0.663309 -0.660166 0.352424
vn 0.822893 -0.421836 0.380660
vn 0.901952 -0.174382 0.395061
vn 0.698719 -0.011338 0.715306
vn 0.697750 0.105607 0.708514
vn 0.639549 0.281636 0.715303
vn 0.533397 0.463704 0.707436
vn 0.372211 0.625645 0.685585
vn 0.170332 0.731450 0.660279
vn 0.013185 0.777130 0.629202
vn -0.136706 0.771367 0.621534
vn -0.348456 0.679351 0.645802
vn -0.533003 0.527802 0.661312
vn -0.663310 0.340555 0.666365
vn -0.729468 0.147100 0.668010
vn -0.757256 0.012288 0.653003
vn -0.754430 -0.114186 0.646372
vn -0.687862 -0.302911 0.659614
vn -0.566292 -0.492301 0.661024
vn -0.387441 -0.651244 0.652511
vn -0.173305 -0.744216 0.645064
vn -0.013193 -0.777650 0.628559
vn 0.134737 -0.760257 0.635496
vn 0.335648 -0.654381 0.677588
vn 0.502914 -0.498007 0.706446
vn 0.616880 -0.316717 0.720521
vn 0.673082 -0.135730 0.727006
vn 0.369309 -0.009776 0.929255
vn 0.369925 0.045662 0.927939
vn 0.339459 0.129687 0.931638
vn 0.287122 0.218948 0.932536
vn 0.207523 0.304323 0.929689
vn 0.102494 0.367904 0.924198
vn 0.013209 0.402222 0.915447
vn -0.068196 0.399136 0.914352
vn -0.179902 0.343613 0.921719
vn -0.274036 0.263403 0.924945
vn -0.341206 0.171204 0.924266
vn -0.377468 0.077732 0.922754
vn -0.398212 0.010541 0.917233
vn -0.399393 -0.049300 0.915453
vn -0.364109 -0.139105 0.920910
vn -0.304653 -0.232317 0.923697
vn -0.216577 -0.317601 0.923160
vn -0.104687 -0.375776 0.920778
vn -0.013253 -0.403550 0.914862
vn 0.067353 -0.394204 0.916552
vn 0.173905 -0.332159 0.927053
vn 0.260170 -0.250076 0.932616
vn 0.319893 -0.160509 0.933759
vn 0.351732 -0.072433 0.933294
vn 0.131649 -0.004292 0.991287
vn 0.132408 0.012520 0.991116
vn 0.120751 0.037772 0.991964
vn 0.101886 0.064389 0.992710
vn 0.074063 0.089667 0.993214
vn 0.037817 0.107944 0.993437
vn 0.006370 0.120185 0.992731
vn -0.021079 0.120344 0.992508
vn -0.058283 0.102435 0.993031
vn -0.089469 0.078400 0.992899
vn -0.111815 0.051446 0.992396
vn -0.123919 0.024329 0.991994
vn -0.131649 0.004292 0.991287
vn -0.132408 -0.012520 0.991116
vn -0.120751 -0.037772 0.991964
vn -0.101886 -0.064389 0.992710
vn -0.074063 -0.089667 0.993214
vn -0.037817 -0.107944 0.993437
vn -0.006370 -0.120185 0.992731
vn 0.021079 -0.120344 0.992508
vn 0.058283 -0.102435 0.993031
vn 0.089469 -0.078400 0.992899
vn 0.111815 -0.051446 0.992396
vn 0.123919 -0.024329 0.991994
vn 0.000000 0.000000 -1.000000
vn 0.000000 0.000000 1.000000
vn 0.330483 0.034738 -0.943172
vn 0.310942 0.171038 -0.934912
vn 0.268285 0.290763 -0.918412
vn 0.208322 0.385348 -0.898949
vn 0.137191 0.451096 -0.881868
vn 0.059929 0.487409 -0.871115
vn -0.019693 0.494708 -0.868836
vn -0.098560 0.473146 -0.875454
vn -0.173339 0.422338 -0.889710
vn -0.239674 0.342145 -0.908566
vn -0.291893 0.234416 -0.927280
vn -0.323760 0.105117 -0.940282
vn -0.330483 -0.034738 -0.943172
vn -0.310942 -0.171038 -0.934912
vn -0.268285 -0.290763 -0.918412
vn -0.208322 -0.385348 -0.898949
vn -0.137191 -0.451096 -0.881868
vn -0.059929 -0.487409 -0.871115
vn 0.019693 -0.494708 -0.868836
vn 0.098560 -0.473146 -0.875454
vn 0.173339 -0.422338 -0.889710
vn 0.239674 -0.342145 -0.908566
vn 0.291893 -0.234416 -0.927280
vn 0.323760 -0.105117 -0.940282
vn 0.619686 0.028887 -0.784318
vn 0.579323 0.281416 -0.764977
vn 0.487298 0.487979 -0.724166
vn 0.368663 0.634464 -0.679370
vn 0.241401 0.726810 -0.643019
vn 0.113350 0.775761 -0.620763
vn -0.013926 0.788856 -0.614420
vn -0.141334 0.768287 -0.624307
vn -0.269495 0.710643 -0.649892
vn -0.395844 0.607370 -0.688774
vn -0.510571 0.447797 -0.734027
vn -0.593421 0.228963 -0.771639
vn -0.619686 -0.028887 -0.784318
vn -0.579323 -0.281416 -0.764977
vn -0.487298 -0.487979 -0.724166
vn -0.368663 -0.634464 -0.679370
vn -0.241401 -0.726810 -0.643019
vn -0.113350 -0.775761 -0.620763
vn 0.013926 -0.788856 -0.614420
vn 0.141334 -0.768287 -0.624307
vn 0.269495 -0.710643 -0.649892
vn 0.395844 -0.607370 -0.688774
vn 0.510571 -0.447797 -0.734027
vn 0.593421 -0.228963 -0.771639
vn 0.800829 0.022043 -0.598487
vn 0.741177 0.344687 -0.576062
vn 0.607391 0.592362 -0.529323
vn 0.448039 0.753153 -0.481687
vn 0.289346 0.847210 -0.445549
vn 0.137630 0.895038 -0.424222
vn -0.009470 0.908485 -0.417811
vn -0.156909 0.890948 -0.426134
vn -0.309497 0.837999 -0.449410
vn -0.468924 0.736617 -0.487346
vn -0.627005 0.565464 -0.535832
vn -0.754188 0.306238 -0.580877
vn -0.800829 -0.022043 -0.598487
vn -0.741177 -0.344687 -0.576062
vn -0.607391 -0.592362 -0.529323
vn -0.448039 -0.753153 -0.481687
vn -0.289346 -0.847210 -0.445549
vn -0.137630 -0.895038 -0.424222
vn 0.009470 -0.908485 -0.417811
vn 0.156909 -0.890948 -0.426134
vn 0.309497 -0.837999 -0.449410
vn 0.468924 -0.736617 -0.487346
vn 0.627005 -0.565464 -0.535832
vn 0.754188 -0.306238 -0.580877
vn 0.916977 0.014684 -0.398670
vn 0.842589 0.381377 -0.380256
vn 0.677926 0.650583 -0.342283
vn 0.491925 0.815290 -0.305471
vn 0.315041 0.907237 -0.278695
vn 0.150941 0.952851 -0.263232
vn -0.005858 0.966006 -0.258453
vn -0.162950 0.950654 -0.264015
vn -0.327873 0.902178 -0.280312
vn -0.505769 0.805836 -0.307939
vn -0.691713 0.634276 -0.345292
vn -0.852338 0.356533 -0.382629
vn -0.916977 -0.014684 -0.398670
vn -0.842589 -0.381377 -0.380256
vn -0.677926 -0.650583 -0.342283
vn -0.491925 -0.815290 -0.305471
vn -0.315041 -0.907237 -0.278695
vn -0.150941 -0.952851 -0.263232
vn 0.005858 -0.966006 -0.258453
vn 0.162950 -0.950654 -0.264015
vn 0.327873 -0.902178 -0.280312
vn 0.505769 -0.805836 -0.307939
vn 0.691713 -0.634276 -0.345292
vn 0.852338 -0.356533 -0.382629
vn 0.980103 0.007306 -0.198355
vn 0.897800 0.398099 -0.188339
vn 0.715399 0.678312 -0.167625
vn 0.514876 0.844385 -0.148042
vn 0.328648 0.934885 -0.134090
vn 0.158515 0.979270 -0.126108
vn -0.002801 0.992330 -0.123587
vn -0.164276 0.978296 -0.126293
vn -0.334872 0.932619 -0.134475
vn -0.521727 0.840064 -0.148642
vn -0.722435 0.670623 -0.168380
vn -0.902957 0.385958 -0.188956
vn -0.980103 -0.007306 -0.198355
vn -0.897800 -0.398099 -0.188339
vn -0.715399 -0.678312 -0.167625
vn -0.514876 -0.844385 -0.148042
vn -0.328648 -0.934885 -0.134090
vn -0.158515 -0.979270 -0.126108
vn 0.002801 -0.992330 -0.123587
vn 0.164276 -0.978296 -0.126293
vn 0.334872 -0.932619 -0.134475
vn 0.521727 -0.840064 -0.148642
vn 0.722435 -0.670623 -0.168380
vn 0.902957 -0.385958 -0.188956
vn 1.000000 -0.000000 -0.000000
vn 0.916857 0.399216 0.000000
vn 0.729285 0.684211 0.000000
vn 0.524097 0.851658 -0.000000
vn 0.334790 0.942293 0.000000
vn 0.162695 0.986676 -0.000000
vn 0.000000 1.000000 -0.000000
vn -0.162695 0.986676 0.000000
vn -0.334790 0.942293 0.000000
vn -0.524097 0.851658 0.000000
vn -0.729285 0.684211 -0.000000
vn -0.916857 0.399216 0.000000
vn -1.000000 0.000000 -0.000000
vn -0.916857 -0.399216 -0.000000
vn -0.729285 -0.684211 0.000000
vn -0.524097 -0.851658 -0.000000
vn -0.334790 -0.942293 -0.000000
vn -0.162695 -0.986676 -0.000000
vn -0.000000 -1.000000 0.000000
vn 0.162695 -0.986676 0.000000
vn 0.334790 -0.942293 -0.000000
vn 0.524097 -0.851658 0.000000
vn 0.729285 -0.684211 0.000000
vn 0.916857 -0.399216 0.000000
vn 0.980103 -0.007306 0.198355
vn 0.902957 0.385958 0.188956
vn 0.722435 0.670623 0.168380
vn 0.521727 0.840064 0.148642
vn 0.334872 0.932619 0.134475
vn 0.164276 0.978296 0.126293
vn 0.002801 0.992330 0.123587
vn -0.158515 0.979270 0.126108
vn -0.328648 0.934885 0.134090
vn -0.514876 0.844385 0.148042
vn -0.715399 0.678312 0.167625
vn -0.897800 0.398099 0.188339
vn -0.980103 0.007306 0.198355
vn -0.902957 -0.385958 0.188956
vn -0.722435 -0.670623 0.168380
vn -0.521727 -0.840064 0.148642
vn -0.334872 -0.932619 0.134475
vn -0.164276 -0.978296 0.126293
vn -0.002801 -0.992330 0.123587
vn 0.158515 -0.979270 0.126108
vn 0.328648 -0.934885 0.134090
vn 0.514876 -0.844385 0.148042
vn 0.715399 -0.678312 0.167625
vn 0.897800 -0.398099 0.188339
vn 0.916977 -0.014684 0.398670
vn 0.852338 0.356533 0.382629
vn 0.691713 0.634276 0.345292
vn 0.505769 0.805836 0.307939
vn 0.327873 0.902178 0.280312
vn 0.162950 0.950654 0.264015
vn 0.005858 0.966006 0.258453
vn -0.150941 0.952851 0.263232
vn -0.315041 0.907237 0.278695
vn -0.491925 0.815290 0.305471
vn -0.677926 0.650583 0.342283
vn -0.842589 0.381377 0.380256
vn -0.916977 0.014684 0.398670
vn -0.852338 -0.356533 0.382629
vn -0.691713 -0.634276 0.345292
vn -0.505769 -0.805836 0.307939
vn -0.327873 -0.902178 0.280312
vn -0.162950 -0.950654 0.264015
vn -0.005858 -0.966006 0.258453
vn 0.150941 -0.952851 0.263232
vn 0.315041 -0.907237 0.278695
vn 0.491925 -0.815290 0.305471
vn 0.677926 -0.650583 0.342283
vn 0.842589 -0.381377 0.380256
vn 0.800829 -0.022043 0.598487
vn 0.754188 0.306238 0.580877
vn 0.627005 0.565464 0.535832
vn 0.468924 0.736617 0.487346
vn 0.309497 0.837999 0.449410
vn 0.156909 0.890948 0.426134
vn 0.009470 0.908485 0.417811
vn -0.137630 0.895038 0.424222
vn -0.289346 0.847210 0.445549
vn -0.448039 0.753153 0.481687
vn -0.607391 0.592362 0.529323
vn -0.741177 0.344687 0.576062
vn -0.800829 0.022043 0.598487
vn -0.754188 -0.306238 0.580877
vn -0.627005 -0.565464 0.535832
vn -0.468924 -0.736617 0.487346
vn -0.309497 -0.837999 0.449410
vn -0.156909 -0.890948 0.426134
vn -0.009470 -0.908485 0.417811
vn 0.137630 -0.895038 0.424222
vn 0.289346 -0.847210 0.445549
vn 0.448039 -0.753153 0.481687
vn 0.607391 -0.592362 0.529323
vn 0.741177 -0.344687 0.576062
vn 0.619686 -0.028887 0.784318
vn 0.593421 0.228963 0.771639
vn 0.510571 0.447797 0.734027
vn 0.395844 0.607370 0.688774
vn 0.269495 0.710643 0.649892
vn 0.141334 0.768287 0.624307
vn 0.013926 0.788856 0.614420
vn -0.113350 0.775761 0.620763
vn -0.241401 0.726810 0.643019
vn -0.368663 0.634464 0.679370
vn -0.487298 0.487979 0.724166
vn -0.579323 0.281416 0.764977
vn -0.619686 0.028887 0.784318
vn -0.593421 -0.228963 0.771639
vn -0.510571 -0.447797 0.734027
vn -0.395844 -0.607370 0.688774
vn -0.269495 -0.710643 0.649892
vn -0.141334 -0.768287 0.624307
vn -0.013926 -0.788856 0.614420
vn 0.113350 -0.775761 0.620763
vn 0.241401 -0.726810 0.643019
vn 0.368663 -0.634464 0.679370
vn 0.487298 -0.487979 0.724166
vn 0.579323 -0.281416 0.764977
vn 0.330483 -0.034738 0.943172
vn 0.323760 0.105117 0.940282
vn 0.291893 0.234416 0.927280
vn 0.239674 0.342145 0.908566
vn 0.173339 0.422338 0.889710
vn 0.098560 0.473146 0.875454
vn 0.019693 0.494708 0.868836
vn -0.059929 0.487409 0.871115
vn -0.137191 0.451096 0.881868
vn -0.208322 0.385348 0.898949
vn -0.268285 0.290763 0.918412
vn -0.310942 0.171038 0.934912
vn -0.330483 0.034738 0.943172
vn -0.323760 -0.105117 0.940282
vn -0.291893 -0.234416 0.927280
vn -0.239674 -0.342145 0.908566
vn -0.173339 -0.422338 0.889710
vn -0.098560 -0.473146 0.875454
vn -0.019693 -0.494708 0.868836
vn 0.059929 -0.487409 0.871115
vn 0.137191 -0.451096 0.881868
vn 0.208322 -0.385348 0.898949
vn 0.268285 -0.290763 0.918412
vn 0.310942 -0.171038 0.934912
vn 0.000000 0.000000 -1.000000
vn 0.000000 0.000000 1.000000
vn 0.471983 0.039253 -0.880733
vn 0.444806 0.193587 -0.874455
vn 0.385036 0.330167 -0.861822
vn 0.300114 0.439233 -0.846762
vn 0.198291 0.515866 -0.833404
vn 0.086797 0.558534 -0.824928
vn -0.028533 0.567143 -0.823125
vn -0.142630 0.541743 -0.828354
vn -0.250162 0.482254 -0.839553
vn -0.344636 0.389262 -0.854225
vn -0.418187 0.265720 -0.868627
vn -0.462648 0.118848 -0.878540
vn -0.471983 -0.039253 -0.880733
vn -0.444806 -0.193587 -0.874455
vn -0.385036 -0.330167 -0.861822
vn -0.300114 -0.439233 -0.846762
vn -0.198291 -0.515866 -0.833404
vn -0.086797 -0.558534 -0.824928
vn 0.028533 -0.567143 -0.823125
vn 0.142630 -0.541743 -0.828354
vn 0.250162 -0.482254 -0.839553
vn 0.344636 -0.389262 -0.854225
vn 0.418187 -0.265720 -0.868627
vn 0.462648 -0.118848 -0.878540
vn 0.770096 0.028404 -0.637296
vn 0.726787 0.279336 -0.627496
vn 0.623552 0.494049 -0.605887
vn 0.481912 0.656200 -0.580657
vn 0.320947 0.764551 -0.558976
vn 0.152244 0.824397 -0.545153
vn -0.018758 0.840726 -0.541136
vn -0.189523 0.815140 -0.547383
vn -0.357163 0.745174 -0.563161
vn -0.515151 0.625396 -0.586088
vn -0.650235 0.451218 -0.611226
vn -0.742054 0.226532 -0.630903
vn -0.770096 -0.028404 -0.637296
vn -0.726787 -0.279336 -0.627496
vn -0.623552 -0.494049 -0.605887
vn -0.481912 -0.656200 -0.580657
vn -0.320947 -0.764551 -0.558976
vn -0.152244 -0.824397 -0.545153
vn 0.018758 -0.840726 -0.541136
vn 0.189523 -0.815140 -0.547383
vn 0.357163 -0.745174 -0.563161
vn 0.515151 -0.625396 -0.586088
vn 0.650235 -0.451218 -0.611226
vn 0.742054 -0.226532 -0.630903
vn 0.898300 0.019563 -0.438947
vn 0.847080 0.311687 -0.430474
vn 0.721670 0.556863 -0.411213
vn 0.553586 0.736281 -0.389144
vn 0.368089 0.852740 -0.370600
vn 0.178070 0.916241 -0.358877
vn -0.012314 0.934696 -0.355236
vn -0.202709 0.910683 -0.359953
vn -0.392509 0.840869 -0.372660
vn -0.576723 0.716800 -0.391903
vn -0.740969 0.528719 -0.414031
vn -0.858497 0.275809 -0.432334
vn -0.898300 -0.019563 -0.438947
vn -0.847080 -0.311687 -0.430474
vn -0.721670 -0.556863 -0.411213
vn -0.553586 -0.736281 -0.389144
vn -0.368089 -0.852740 -0.370600
vn -0.178070 -0.916241 -0.358877
vn 0.012314 -0.934696 -0.355236
vn 0.202709 -0.910683 -0.359953
vn 0.392509 -0.840869 -0.372660
vn 0.576723 -0.716800 -0.391903
vn 0.740969 -0.528719 -0.414031
vn 0.858497 -0.275809 -0.432334
vn 0.961819 0.012186 -0.273416
vn 0.907098 0.324851 -0.267664
vn 0.770254 0.584851 -0.254280
vn 0.588809 0.772108 -0.239068
vn 0.391449 0.891909 -0.226419
vn 0.191575 0.956859 -0.218447
vn -0.007483 0.976391 -0.215879
vn -0.206596 0.953634 -0.218863
vn -0.406483 0.884952 -0.227224
vn -0.603281 0.760509 -0.240163
vn -0.782566 0.567759 -0.255422
vn -0.914514 0.302670 -0.268431
vn -0.961819 -0.012186 -0.273416
vn -0.907098 -0.324851 -0.267664
vn -0.770254 -0.584851 -0.254280
vn -0.588809 -0.772108 -0.239068
vn -0.391449 -0.891909 -0.226419
vn -0.191575 -0.956859 -0.218447
vn 0.007483 -0.976391 -0.215879
vn 0.206596 -0.953634 -0.218863
vn 0.406483 -0.884952 -0.227224
vn 0.603281 -0.760509 -0.240163
vn 0.782566 -0.567759 -0.255422
vn 0.914514 -0.302670 -0.268431
vn 0.991341 0.005847 -0.131180
vn 0.935807 0.328314 -0.128358
vn 0.793986 0.595642 -0.121641
vn 0.606449 0.786906 -0.114012
vn 0.403671 0.908544 -0.107688
vn 0.199354 0.974425 -0.103699
vn -0.003549 0.994739 -0.102379
vn -0.206488 0.972928 -0.103794
vn -0.410844 0.905301 -0.107874
vn -0.613404 0.781460 -0.114267
vn -0.799958 0.587541 -0.121909
vn -0.939435 0.317710 -0.128539
vn -0.991341 -0.005847 -0.131180
vn -0.935807 -0.328314 -0.128358
vn -0.793986 -0.595642 -0.121641
vn -0.606449 -0.786906 -0.114012
vn -0.403671 -0.908544 -0.107688
vn -0.199354 -0.974425 -0.103699
vn 0.003549 -0.994739 -0.102379
vn 0.206488 -0.972928 -0.103794
vn 0.410844 -0.905301 -0.107874
vn 0.613404 -0.781460 -0.114267
vn 0.799958 -0.587541 -0.121909
vn 0.939435 -0.317710 -0.128539
vn 1.000000 -0.000000 -0.000000
vn 0.945467 0.325719 0.000000
vn 0.802955 0.596040 -0.000000
vn 0.613941 0.789352 0.000000
vn 0.409644 0.912245 0.000000
vn 0.204021 0.978966 -0.000000
vn 0.000000 1.000000 0.000000
vn -0.204021 0.978966 0.000000
vn -0.409644 0.912245 -0.000000
vn -0.613941 0.789352 -0.000000
vn -0.802955 0.596040 -0.000000
vn -0.945467 0.325719 0.000000
vn -1.000000 0.000000 0.000000
vn -0.945467 -0.325719 0.000000
vn -0.802955 -0.596040 -0.000000
vn -0.613941 -0.789352 -0.000000
vn -0.409644 -0.912245 0.000000
vn -0.204021 -0.978966 0.000000
vn 0.000000 -1.000000 0.000000
vn 0.204021 -0.978966 0.000000
vn 0.409644 -0.912245 -0.000000
vn 0.613941 -0.789352 -0.000000
vn 0.802955 -0.596040 0.000000
vn 0.945467 -0.325719 0.000000
vn 0.991341 -0.005847 0.131180
vn 0.939435 0.317710 0.128539
vn 0.799958 0.587541 0.121909
vn 0.613404 0.781460 0.114267
vn 0.410844 0.905301 0.107874
vn 0.206488 0.972928 0.103794
vn 0.003549 0.994739 0.102379
vn -0.199354 0.974425 0.103699
vn -0.403671 0.908544 0.107688
vn -0.606449 0.786906 0.114012
vn -0.793986 0.595642 0.121641
vn -0.935807 0.328314 0.128358
vn -0.991341 0.005847 0.131180
vn -0.939435 -0.317710 0.128539
vn -0.799958 -0.587541 0.121909
vn -0.613404 -0.781460 0.114267
vn -0.410844 -0.905301 0.107874
vn -0.206488 -0.972928 0.103794
vn -0.003549 -0.994739 0.102379
vn 0.199354 -0.974425 0.103699
vn 0.403671 -0.908544 0.107688
vn 0.606449 -0.786906 0.114012
vn 0.793986 -0.595642 0.121641
vn 0.935807 -0.328314 0.128358
vn 0.961819 -0.012186 0.273416
vn 0.914514 0.302670 0.268431
vn 0.782566 0.567759 0.255422
vn 0.603281 0.760509 0.240163
vn 0.406483 0.884952 0.227224
vn 0.206596 0.953634 0.218863
vn 0.007483 0.976391 0.215879
vn -0.191575 0.956859 0.218447
vn -0.391449 0.891909 0.226419
vn -0.588809 0.772108 0.239068
vn -0.770254 0.584851 0.254280
vn -0.907098 0.324851 0.267664
vn -0.961819 0.012186 0.273416
vn -0.914514 -0.302670 0.268431
vn -0.782566 -0.567759 0.255422
vn -0.603281 -0.760509 0.240163
vn -0.406483 -0.884952 0.227224
vn -0.206596 -0.953634 0.218863
vn -0.007483 -0.976391 0.215879
vn 0.191575 -0.956859 0.218447
vn 0.391449 -0.891909 0.226419
vn 0.588809 -0.772108 0.239068
vn 0.770254 -0.584851 0.254280
vn 0.907098 -0.324851 0.267664
vn 0.898300 -0.019563 0.438947
vn 0.858497 0.275809 0.432334
vn 0.740969 0.528719 0.414031
vn 0.576723 0.716800 0.391903
vn 0.392509 0.840869 0.372660
vn 0.202709 0.910683 0.359953
vn 0.012314 0.934696 0.355236
vn -0.178070 0.916241 0.358877
vn -0.368089 0.852740 0.370600
vn -0.553586 0.736281 0.389144
vn -0.721670 0.556863 0.411213
vn -0.847080 0.311687 0.430474
vn -0.898300 0.019563 0.438947
vn -0.858497 -0.275809 0.432334
vn -0.740969 -0.528719 0.414031
vn -0.576723 -0.716800 0.391903
vn -0.392509 -0.840869 0.372660
vn -0.202709 -0.910683 0.359953
vn -0.012314 -0.934696 0.355236
vn 0.178070 -0.916241 0.358877
vn 0.368089 -0.852740 0.370600
vn 0.553586 -0.736281 0.389144
vn 0.721670 -0.556863 0.411213
vn 0.847080 -0.311687 0.430474
vn 0.770096 -0.028404 0.637296
vn 0.742054 0.226532 0.630903
vn 0.650235 0.451218 0.611226
vn 0.515151 0.625396 0.586088
vn 0.357163 0.745174 0.563161
vn 0.189523 0.815140 0.547383
vn 0.018758 0.840726 0.541136
vn -0.152244 0.824397 0.545153
vn -0.320947 0.764551 0.558976
vn -0.481912 0.656200 0.580657
vn -0.623552 0.494049 0.605887
vn -0.726787 0.279336 0.627496
vn -0.770096 0.028404 0.637296
vn -0.742054 -0.226532 0.630903
vn -0.650235 -0.451218 0.611226
vn -0.515151 -0.625396 0.586088
vn -0.357163 -0.745174 0.563161
vn -0.189523 -0.815140 0.547383
vn -0.018758 -0.840726 0.541136
vn 0.152244 -0.824397 0.545153
vn 0.320947 -0.764551 0.558976
vn 0.481912 -0.656200 0.580657
vn 0.623552 -0.494049 0.605887
vn 0.726787 -0.279336 0.627496
vn 0.471983 -0.039253 0.880733
vn 0.462648 0.118848 0.878540
vn 0.418187 0.265720 0.868627
vn 0.344636 0.389262 0.854225
vn 0.250162 0.482254 0.839553
vn 0.142630 0.541743 0.828354
vn 0.028533 0.567143 0.823125
vn -0.086797 0.558534 0.824928
vn -0.198291 0.515866 0.833404
vn -0.300114 0.439233 0.846762
vn -0.385036 0.330167 0.861822
vn -0.444806 0.193587 0.874455
vn -0.471983 0.039253 0.880733
vn -0.462648 -0.118848 0.878540
vn -0.418187 -0.265720 0.868627
vn -0.344636 -0.389262 0.854225
vn -0.250162 -0.482254 0.839553
vn -0.142630 -0.541743 0.828354
vn -0.028533 -0.567143 0.823125
vn 0.086797 -0.558534 0.824928
vn 0.198291 -0.515866 0.833404
vn 0.300114 -0.439233 0.846762
vn 0.385036 -0.330167 0.861822
vn 0.444806 -0.193587 0.874455
vn 0.000000 0.000000 -1.000000
vn 0.000000 0.000000 1.000000
vn 0.471983 0.039253 -0.880733
vn 0.444806 0.193587 -0.874455
vn 0.385036 0.330167 -0.861822
vn 0.300114 0.439233 -0.846762
vn 0.198291 0.515866 -0.833404
vn 0.086797 0.558534 -0.824928
vn -0.028533 0.567143 -0.823125
vn -0.142630 0.541743 -0.828354
vn -0.250162 0.482254 -0.839553
vn -0.344636 0.389262 -0.854225
vn -0.418187 0.265720 -0.868627
vn -0.462648 0.118848 -0.878540
vn -0.471983 -0.039253 -0.880733
vn -0.444806 -0.193587 -0.874455
vn -0.385036 -0.330167 -0.861822
vn -0.300114 -0.439233 -0.846762
vn -0.198291 -0.515866 -0.833404
vn -0.086797 -0.558534 -0.824928
vn 0.028533 -0.567143 -0.823125
vn 0.142630 -0.541743 -0.828354
vn 0.250162 -0.482254 -0.839553
vn 0.344636 -0.389262 -0.854225
vn 0.418187 -0.265720 -0.868627
vn 0.462648 -0.118848 -0.878540
vn 0.770096 0.028404 -0.637296
vn 0.726787 0.279336 -0.627496
vn 0.623552 0.494049 -0.605887
vn 0.481912 0.656200 -0.580657
vn 0.320947 0.764551 -0.558976
vn 0.152244 0.824397 -0.545153
vn -0.018758 0.840726 -0.541136
vn -0.189523 0.815140 -0.547383
vn -0.357163 0.745174 -0.563161
vn -0.515151 0.625396 -0.586088
vn -0.650235 0.451218 -0.611226
vn -0.742054 0.226532 -0.630903
vn -0.770096 -0.028404 -0.637296
vn -0.726787 -0.279336 -0.627496
vn -0.623552 -0.494049 -0.605887
vn -0.481912 -0.656200 -0.580657
vn -0.320947 -0.764551 -0.558976
vn -0.152244 -0.824397 -0.545153
vn 0.018758 -0.840726 -0.541136
vn 0.189523 -0.815140 -0.547383
vn 0.357163 -0.745174 -0.563161
vn 0.515151 -0.625396 -0.586088
vn 0.650235 -0.451218 -0.611226
vn 0.742054 -0.226532 -0.630903
vn 0.898300 0.019563 -0.438947
vn 0.847080 0.311687 -0.430474
vn 0.721670 0.556863 -0.411213
vn 0.553586 0.736281 -0.389144
vn 0.368089 0.852740 -0.370600
vn 0.178070 0.916241 -0.358877
vn -0.012314 0.934696 -0.355236
vn -0.202709 0.910683 -0.359953
vn -0.392509 0.840869 -0.372660
vn -0.576723 0.716800 -0.391903
vn -0.740969 0.528719 -0.414031
vn -0.858497 0.275809 -0.432334
vn -0.898300 -0.019563 -0.438947
vn -0.847080 -0.311687 -0.430474
vn -0.721670 -0.556863 -0.411213
vn -0.553586 -0.736281 -0.389144
vn -0.368089 -0.852740 -0.370600
vn -0.178070 -0.916241 -0.358877
vn 0.012314 -0.934696 -0.355236
vn 0.202709 -0.910683 -0.359953
vn 0.392509 -0.840869 -0.372660
vn 0.576723 -0.716800 -0.391903
vn 0.740969 -0.528719 -0.414031
vn 0.858497 -0.275809 -0.432334
vn 0.961819 0.012186 -0.273416
vn 0.907098 0.324851 -0.267664
vn 0.770254 0.584851 -0.254280
vn 0.588809 0.772108 -0.239068
vn 0.391449 0.891909 -0.226419
vn 0.191575 0.956859 -0.218447
vn -0.007483 0.976391 -0.215879
vn -0.206596 0.953634 -0.218863
vn -0.406483 0.884952 -0.227224
vn -0.603281 0.760509 -0.240163
vn -0.782566 0.567759 -0.255422
vn -0.914514 0.302670 -0.268431
vn -0.961819 -0.012186 -0.273416
vn -0.907098 -0.324851 -0.267664
vn -0.770254 -0.584851 -0.254280
vn -0.588809 -0.772108 -0.239068
vn -0.391449 -0.891909 -0.226419
vn -0.191575 -0.956859 -0.218447
vn 0.007483 -0.976391 -0.215879
vn 0.206596 -0.953634 -0.218863
vn 0.406483 -0.884952 -0.227224
vn 0.603281 -0.760509 -0.240163
vn 0.782566 -0.567759 -0.255422
vn 0.914514 -0.302670 -0.268431
vn 0.991341 0.005847 -0.131180
vn 0.935807 0.328314 -0.128358
vn 0.793986 0.595642 -0.121641
vn 0.606449 0.786906 -0.114012
vn 0.403671 0.908544 -0.107688
vn 0.199354 0.974425 -0.103699
vn -0.003549 0.994739 -0.102379
vn -0.206488 0.972928 -0.103794
vn -0.410844 0.905301 -0.107874
vn -0.613404 0.781460 -0.114267
vn -0.799958 0.587541 -0.121909
vn -0.939435 0.317710 -0.128539
vn -0.991341 -0.005847 -0.131180
vn -0.935807 -0.328314 -0.128358
vn -0.793986 -0.595642 -0.121641
vn -0.606449 -0.786906 -0.114012
vn -0.403671 -0.908544 -0.107688
vn -0.199354 -0.974425 -0.103699
vn 0.003549 -0.994739 -0.102379
vn 0.206488 -0.972928 -0.103794
vn 0.410844 -0.905301 -0.107874
vn 0.613404 -0.781460 -0.114267
vn 0.799958 -0.587541 -0.121909
vn 0.939435 -0.317710 -0.128539
vn 1.000000 -0.000000 -0.000000
vn 0.945467 0.325719 0.000000
vn 0.802955 0.596040 -0.000000
vn 0.613941 0.789352 0.000000
vn 0.409644 0.912245 0.000000
vn 0.204021 0.978966 -0.000000
vn 0.000000 1.000000 0.000000
vn -0.204021 0.978966 0.000000
vn -0.409644 0.912245 -0.000000
vn -0.613941 0.789352 -0.000000
vn -0.802955 0.596040 -0.000000
vn -0.945467 0.325719 0.000000
vn -1.000000 0.000000 0.000000
vn -0.945467 -0.325719 0.000000
vn -0.802955 -0.596040 -0.000000
vn -0.613941 -0.789352 -0.000000
vn -0.409644 -0.912245 0.000000
vn -0.204021 -0.978966 0.000000
vn 0.000000 -1.000000 0.000000
vn 0.204021 -0.978966 0.000000
vn 0.409644 -0.912245 -0.000000
vn 0.613941 -0.789352 -0.000000
vn 0.802955 -0.596040 0.000000
vn 0.945467 -0.325719 0.000000
vn 0.991341 -0.005847 0.131180
vn 0.939435 0.317710 0.128539
vn 0.799958 0.587541 0.121909
vn 0.613404 0.781460 0.114267
vn 0.410844 0.905301 0.107874
vn 0.206488 0.972928 0.103794
vn 0.003549 0.994739 0.102379
vn -0.199354 0.974425 0.103699
vn -0.403671 0.908544 0.107688
vn -0.606449 0.786906 0.114012
vn -0.793986 0.595642 0.121641
vn -0.935807 0.328314 0.128358
vn -0.991341 0.005847 0.131180
vn -0.939435 -0.317710 0.128539
vn -0.799958 -0.587541 0.121909
vn -0.613404 -0.781460 0.114267
vn -0.410844 -0.905301 0.107874
vn -0.206488 -0.972928 0.103794
vn -0.003549 -0.994739 0.102379
vn 0.199354 -0.974425 0.103699
vn 0.403671 -0.908544 0.107688
vn 0.606449 -0.786906 0.114012
vn 0.793986 -0.595642 0.121641
vn 0.935807 -0.328314 0.128358
vn 0.961819 -0.012186 0.273416
vn 0.914514 0.302670 0.268431
vn 0.782566 0.567759 0.255422
vn 0.603281 0.760509 0.240163
vn 0.406483 0.884952 0.227224
vn 0.206596 0.953634 0.218863
vn 0.007483 0.976391 0.215879
vn -0.191575 0.956859 0.218447
vn -0.391449 0.891909 0.226419
vn -0.588809 0.772108 0.239068
vn -0.770254 0.584851 0.254280
vn -0.907098 0.324851 0.267664
vn -0.961819 0.012186 0.273416
vn -0.914514 -0.302670 0.268431
vn -0.782566 -0.567759 0.255422
vn -0.603281 -0.760509 0.240163
vn -0.406483 -0.884952 0.227224
vn -0.206596 -0.953634 0.218863
vn -0.007483 -0.976391 0.215879
vn 0.191575 -0.956859 0.218447
vn 0.391449 -0.891909 0.226419
vn 0.588809 -0.772108 0.239068
vn 0.770254 -0.584851 0.254280
vn 0.907098 -0.324851 0.267664
vn 0.898300 -0.019563 0.438947
vn 0.858497 0.275809 0.432334
vn 0.740969 0.528719 0.414031
vn 0.576723 0.716800 0.391903
vn 0.392509 0.840869 0.372660
vn 0.202709 0.910683 0.359953
vn 0.012314 0.934696 0.355236
vn -0.178070 0.916241 0.358877
vn -0.368089 0.852740 0.370600
vn -0.553586 0.736281 0.389144
vn -0.721670 0.556863 0.411213
vn -0.847080 0.311687 0.430474
vn -0.898300 0.019563 0.438947
vn -0.858497 -0.275809 0.432334
vn -0.740969 -0.528719 0.414031
vn -0.576723 -0.716800 0.391903
vn -0.392509 -0.840869 0.372660
vn -0.202709 -0.910683 0.359953
vn -0.012314 -0.934696 0.355236
vn 0.178070 -0.916241 0.358877
vn 0.368089 -0.852740 0.370600
vn 0.553586 -0.736281 0.389144
vn 0.721670 -0.556863 0.411213
vn 0.847080 -0.311687 0.430474
vn 0.770096 -0.028404 0.637296
vn 0.742054 0.226532 0.630903
vn 0.650235 0.451218 0.611226
vn 0.515151 0.625396 0.586088
vn 0.357163 0.745174 0.563161
vn 0.189523 0.815140 0.547383
vn 0.018758 0.840726 0.541136
vn -0.152244 0.824397 0.545153
vn -0.320947 0.764551 0.558976
vn -0.481912 0.656200 0.580657
vn -0.623552 0.494049 0.605887
vn -0.726787 0.279336 0.627496
vn -0.770096 0.028404 0.637296
vn -0.742054 -0.226532 0.630903
vn -0.650235 -0.451218 0.611226
vn -0.515151 -0.625396 0.586088
vn -0.357163 -0.745174 0.563161
vn -0.189523 -0.815140 0.547383
vn -0.018758 -0.840726 0.541136
vn 0.152244 -0.824397 0.545153
vn 0.320947 -0.764551 0.558976
vn 0.481912 -0.656200 0.580657
vn 0.623552 -0.494049 0.605887
vn 0.726787 -0.279336 0.627496
vn 0.471983 -0.039253 0.880733
vn 0.462648 0.118848 0.878540
vn 0.418187 0.265720 0.868627
vn 0.344636 0.389262 0.854225
vn 0.250162 0.482254 0.839553
vn 0.142630 0.541743 0.828354
vn 0.028533 0.567143 0.823125
vn -0.086797 0.558534 0.824928
vn -0.198291 0.515866 0.833404
vn -0.300114 0.439233 0.846762
vn -0.385036 0.330167 0.861822
vn -0.444806 0.193587 0.874455
vn -0.471983 0.039253 0.880733
vn -0.462648 -0.118848 0.878540
vn -0.418187 -0.265720 0.868627
vn -0.344636 -0.389262 0.854225
vn -0.250162 -0.482254 0.839553
vn -0.142630 -0.541743 0.828354
vn -0.028533 -0.567143 0.823125
vn 0.086797 -0.558534 0.824928
vn 0.198291 -0.515866 0.833404
vn 0.300114 -0.439233 0.846762
vn 0.385036 -0.330167 0.861822
vn 0.444806 -0.193587 0.874455
vn 0.000000 0.000000 -1.000000
vn 0.000000 0.000000 1.000000
f 1/1/1 2/2/2 26/26/26
f 1/1/1 26/26/26 25/25/25
f 2/2/2 3/3/3 27/27/27
f 2/2/2 27/27/27 26/26/26
f 3/3/3 4/4/4 28/28/28
f 3/3/3 28/28/28 27/27/27
f 4/4/4 5/5/5 29/29/29
f 4/4/4 29/29/29 28/28/28
f 5/5/5 6/6/6 30/30/30
f 5/5/5 30/30/30 29/29/29
f 6/6/6 7/7/7 31/31/31
f 6/6/6 31/31/31 30/30/30
f 7/7/7 8/8/8 32/32/32
f 7/7/7 32/32/32 31/31/31
f 8/8/8 9/9/9 33/33/33
f 8/8/8 33/33/33 32/32/32
f 9/9/9 10/10/10 34/34/34
f 9/9/9 34/34/34 33/33/33
f 10/10/10 11/11/11 35/35/35
f 10/10/10 35/35/35 34/34/34
f 11/11/11 12/12/12 36/36/36
f 11/11/11 36/36/36 35/35/35
f 12/12/12 13/13/13 37/37/37
f 12/12/12 37/37/37 36/36/36
f 13/13/13 14/14/14 38/38/38
f 13/13/13 38/38/38 37/37/37
f 14/14/14 15/15/15 39/39/39
f 14/14/14 39/39/39 38/38/38
f 15/15/15 16/16/16 40/40/40
f 15/15/15 40/40/40 39/39/39
f 16/16/16 17/17/17 41/41/41
f 16/16/16 41/41/41 40/40/40
f 17/17/17 18/18/18 42/42/42
f 17/17/17 42/42/42 41/41/41
f 18/18/18 19/19/19 43/43/43
f 18/18/18 43/43/43 42/42/42
f 19/19/19 20/20/20 44/44/44
f 19/19/19 44/44/44 43/43/43
f 20/20/20 21/21/21 45/45/45
f 20/20/20 45/45/45 44/44/44
f 21/21/21 22/22/22 46/46/46
f 21/21/21 46/46/46 45/45/45
f 22/22/22 23/23/23 47/47/47
f 22/22/22 47/47/47 46/46/46
f 23/23/23 24/24/24 48/48/48
f 23/23/23 48/48/48 47/47/47
f 24/24/24 1/1/1 25/25/25
f 24/24/24 25/25/25 48/48/48
f 25/25/25 26/26/26 50/50/50
f 25/25/25 50/50/50 49/49/49
f 26/26/26 27/27/27 51/51/51
f 26/26/26 51/51/51 50/50/50
f 27/27/27 28/28/28 52/52/52
f 27/27/27 52/52/52 51/51/51
f 28/28/28 29/29/29 53/53/53
f 28/28/28 53/53/53 52/52/52
f 29/29/29 30/30/30 54/54/54
f 29/29/29 54/54/54 53/53/53
f 30/30/30 31/31/31 55/55/55
f 30/30/30 55/55/55 54/54/54
f 31/31/31 32/32/32 56/56/56
f 31/31/31 56/56/56 55/55/55
f 32/32/32 33/33/33 57/57/57
f 32/32/32 57/57/57 56/56/56
f 33/33/33 34/34/34 58/58/58
f 33/33/33 58/58/58 57/57/57
f 34/34/34 35/35/35 59/59/59
f 34/34/34 59/59/59 58/58/58
f 35/35/35 36/36/36 60/60/60
f 35/35/35 60/60/60 59/59/59
f 36/36/36 37/37/37 61/61/61
f 36/36/36 61/61/61 60/60/60
f 37/37/37 38/38/38 62/62/62
f 37/37/37 62/62/62 61/61/61
f 38/38/38 39/39/39 63/63/63
f 38/38/38 63/63/63 62/62/62
f 39/39/39 40/40/40 64/64/64
f 39/39/39 64/64/64 63/63/63
f 40/40/40 41/41/41 65/65/65
f 40/40/40 65/65/65 64/64/64
f 41/41/41 42/42/42 66/66/66
f 41/41/41 66/66/66 65/65/65
f 42/42/42 43/43/43 67/67/67
f 42/42/42 67/67/67 66/66/66
f 43/43/43 44/44/44 68/68/68
f 43/43/43 68/68/68 67/67/67
f 44/44/44 45/45/45 69/69/69
f 44/44/44 69/69/69 68/68/68
f 45/45/45 46/46/46 70/70/70
f 45/45/45 70/70/70 69/69/69
f 46/46/46 47/47/47 71/71/71
f 46/46/46 71/71/71 70/70/70
f 47/47/47 48/48/48 72/72/72
f 47/47/47 72/72/72 71/71/71
f 48/48/48 25/25/25 49/49/49
f 48/48/48 49/49/49 72/72/72
f 49/49/49 50/50/50 74/74/74
f 49/49/49 74/74/74 73/73/73
f 50/50/50 51/51/51 75/75/75
f 50/50/50 75/75/75 74/74/74
f 51/51/51 52/52/52 76/76/76
f 51/51/51 76/76/76 75/75/75
f 52/52/52 53/53/53 77/77/77
f 52/52/52 77/77/77 76/76/76
f 53/53/53 54/54/54 78/78/78
f 53/53/53 78/78/78 77/77/77
f 54/54/54 55/55/55 79/79/79
f 54/54/54 79/79/79 78/78/78
f 55/55/55 56/56/56 80/80/80
f 55/55/55 80/80/80 79/79/79
f 56/56/56 57/57/57 81/81/81
f 56/56/56 81/81/81 80/80/80
f 57/57/57 58/58/58 82/82/82
f 57/57/57 82/82/82 81/81/81
f 58/58/58 59/59/59 83/83/83
f 58/58/58 83/83/83 82/82/82
f 59/59/59 60/60/60 84/84/84
f 59/59/59 84/84/84 83/83/83
f 60/60/60 61/61/61 85/85/85
f 60/60/60 85/85/85 84/84/84
f 61/61/61 62/62/62 86/86/86
f 61/61/61 86/86/86 85/85/85
f 62/62/62 63/63/63 87/87/87
f 62/62/62 87/87/87 86/86/86
f 63/63/63 64/64/64 88/88/88
f 63/63/63 88/88/88 87/87/87
f 64/64/64 65/65/65 89/89/89
f 64/64/64 89/89/89 88/88/88
f 65/65/65 66/66/66 90/90/90
f 65/65/65 90/90/90 89/89/89
f 66/66/66 67/67/67 91/91/91
f 66/66/66 91/91/91 90/90/90
f 67/67/67 68/68/68 92/92/92
f 67/67/67 92/92/92 91/91/91
f 68/68/68 69/69/69 93/93/93
f 68/68/68 93/93/93 92/92/92
f 69/69/69 70/70/70 94/94/94
f 69/69/69 94/94/94 93/93/93
f 70/70/70 71/71/71 95/95/95
f 70/70/70 95/95/95 94/94/94
f 71/71/71 72/72/72 96/96/96
f 71/71/71 96/96/96 95/95/95
f 72/72/72 49/49/49 73/73/73
f 72/72/72 73/73/73 96/96/96
f 73/73/73 74/74/74 98/98/98
f 73/73/73 98/98/98 97/97/97
f 74/74/74 75/75/75 99/99/99
f 74/74/74 99/99/99 98/98/98
f 75/75/75 76/76/76 100/100/100
f 75/75/75 100/100/100 99/99/99
f 76/76/76 77/77/77 101/101/101
f 76/76/76 101/101/101 100/100/100
f 77/77/77 78/78/78 102/102/102
f 77/77/77 102/102/102 101/101/101
f 78/78/78 79/79/79 103/103/103
f 78/78/78 103/103/103 102/102/102
f 79/79/79 80/80/80 104/104/104
f 79/79/79 104/104/104 103/103/103
f 80/80/80 81/81/81 105/105/105
f 80/80/80 105/105/105 104/104/104
f 81/81/81 82/82/82 106/106/106
f 81/81/81 106/106/106 105/105/105
f 82/82/82 83/83/83 107/107/107
f 82/82/82 107/107/107 106/106/106
f 83/83/83 84/84/84 108/108/108
f 83/83/83 108/108/108 107/107/107
f 84/84/84 85/85/85 109/109/109
f 84/84/84 109/109/109 108/108/108
f 85/85/85 86/86/86 110/110/110
f 85/85/85 110/110/110 109/109/109
f 86/86/86 87/87/87 111/111/111
f 86/86/86 111/111/111 110/110/110
f 87/87/87 88/88/88 112/112/112
f 87/87/87 112/112/112 111/111/111
f 88/88/88 89/89/89 113/113/113
f 88/88/88 113/113/113 112/112/112
f 89/89/89 90/90/90 114/114/114
f 89/89/89 114/114/114 113/113/113
f 90/90/90 91/91/91 115/115/115
f 90/90/90 115/115/115 114/114/114
f 91/91/91 92/92/92 116/116/116
f 91/91/91 116/116/116 115/115/115
f 92/92/92 93/93/93 117/117/117
f 92/92/92 117/117/117 116/116/116
f 93/93/93 94/94/94 118/118/118
f 93/93/93 118/118/118 117/117/117
f 94/94/94 95/95/95 119/119/119
f 94/94/94 119/119/119 118/118/118
f 95/95/95 96/96/96 120/120/120
f 95/95/95 120/120/120 119/119/119
f 96/96/96 73/73/73 97/97/97
f 96/96/96 97/97/97 120/120/120
f 97/97/97 98/98/98 122/122/122
f 97/97/97 122/122/122 121/121/121
f 98/98/98 99/99/99 123/123/123
f 98/98/98 123/123/123 122/122/122
f 99/99/99 100/100/100 124/124/124
f 99/99/99 124/124/124 123/123/123
f 100/100/100 101/101/101 125/125/125
f 100/100/100 125/125/125 124/124/124
f 101/101/101 102/102/102 126/126/126
f 101/101/101 126/126/126 125/125/125
f 102/102/102 103/103/103 127/127/127
f 102/102/102 127/127/127 126/126/126
f 103/103/103 104/104/104 128/128/128
f 103/103/103 128/128/128 127/127/127
f 104/104/104 105/105/105 129/129/129
f 104/104/104 129/129/129 128/128/128
f 105/105/105 106/106/106 130/130/130
f 105/105/105 130/130/130 129/129/129
f 106/106/106 107/107/107 131/131/131
f 106/106/106 131/131/131 130/130/130
f 107/107/107 108/108/108 132/132/132
f 107/107/107 132/132/132 131/131/131
f 108/108/108 109/109/109 133/133/133
f 108/108/108 133/133/133 132/132/132
f 109/109/109 110/110/110 134/134/134
f 109/109/109 134/134/134 133/133/133
f 110/110/110 111/111/111 135/135/135
f 110/110/110 135/135/135 134/134/134
f 111/111/111 112/112/112 136/136/136
f 111/111/111 136/136/136 135/135/135
f 112/112/112 113/113/113 137/137/137
f 112/112/112 137/137/137 136/136/136
f 113/113/113 114/114/114 138/138/138
f 113/113/113 138/138/138 137/137/137
f 114/114/114 115/115/115 139/139/139
f 114/114/114 139/139/139 138/138/138
f 115/115/115 116/116/116 140/140/140
f 115/115/115 140/140/140 139/139/139
f 116/116/116 117/117/117 141/141/141
f 116/116/116 141/141/141 140/140/140
f 117/117/117 118/118/118 142/142/142
f 117/117/117 142/142/142 141/141/141
f 118/118/118 119/119/119 143/143/143
f 118/118/118 143/143/143 142/142/142
f 119/119/119 120/120/120 144/144/144
f 119/119/119 144/144/144 143/143/143
f 120/120/120 97/97/97 121/121/121
f 120/120/120 121/121/121 144/144/144
f 121/121/121 122/122/122 146/146/146
f 121/121/121 146/146/146 145/145/145
f 122/122/122 123/123/123 147/147/147
f 122/122/122 147/147/147 146/146/146
f 123/123/123 124/124/124 148/148/148
f 123/123/123 148/148/148 147/147/147
f 124/124/124 125/125/125 149/149/149
f 124/124/124 149/149/149 148/148/148
f 125/125/125 126/126/126 150/150/150
f 125/125/125 150/150/150 149/149/149
f 126/126/126 127/127/127 151/151/151
f 126/126/126 151/151/151 150/150/150
f 127/127/127 128/128/128 152/152/152
f 127/127/127 152/152/152 151/151/151
f 128/128/128 129/129/129 153/153/153
f 128/128/128 153/153/153 152/152/152
f 129/129/129 130/130/130 154/154/154
f 129/129/129 154/154/154 153/153/153
f 130/130/130 131/131/131 155/155/155
f 130/130/130 155/155/155 154/154/154
f 131/131/131 132/132/132 156/156/156
f 131/131/131 156/156/156 155/155/155
f 132/132/132 133/133/133 157/157/157
f 132/132/132 157/157/157 156/156/156
f 133/133/133 134/134/134 158/158/158
f 133/133/133 158/158/158 157/157/157
f 134/134/134 135/135/135 159/159/159
f 134/134/134 159/159/159 158/158/158
f 135/135/135 136/136/136 160/160/160
f 135/135/135 160/160/160 159/159/159
f 136/136/136 137/137/137 161/161/161
f 136/136/136 161/161/161 160/160/160
f 137/137/137 138/138/138 162/162/162
f 137/137/137 162/162/162 161/161/161
f 138/138/138 139/139/139 163/163/163
f 138/138/138 163/163/163 162/162/162
f 139/139/139 140/140/140 164/164/164
f 139/139/139 164/164/164 163/163/163
f 140/140/140 141/141/141 165/165/165
f 140/140/140 165/165/165 164/164/164
f 141/141/141 142/142/142 166/166/166
f 141/141/141 166/166/166 165/165/165
f 142/142/142 143/143/143 167/167/167
f 142/142/142 167/167/167 166/166/166
f 143/143/143 144/144/144 168/168/168
f 143/143/143 168/168/168 167/167/167
f 144/144/144 121/121/121 145/145/145
f 144/144/144 145/145/145 168/168/168
f 145/145/145 146/146/146 170/170/170
f 145/145/145 170/170/170 169/169/169
f 146/146/146 147/147/147 171/171/171
f 146/146/146 171/171/171 170/170/170
f 147/147/147 148/148/148 172/172/172
f 147/147/147 172/172/172 171/171/171
f 148/148/148 149/149/149 173/173/173
f 148/148/148 173/173/173 172/172/172
f 149/149/149 150/150/150 174/174/174
f 149/149/149 174/174/174 173/173/173
f 150/150/150 151/151/151 175/175/175
f 150/150/150 175/175/175 174/174/174
f 151/151/151 152/152/152 176/176/176
f 151/151/151 176/176/176 175/175/175
f 152/152/152 153/153/153 177/177/177
f 152/152/152 177/177/177 176/176/176
f 153/153/153 154/154/154 178/178/178
f 153/153/153 178/178/178 177/177/177
f 154/154/154 155/155/155 179/179/179
f 154/154/154 179/179/179 178/178/178
f 155/155/155 156/156/156 180/180/180
f 155/155/155 180/180/180 179/179/179
f 156/156/156 157/157/157 181/181/181
f 156/156/156 181/181/181 180/180/180
f 157/157/157 158/158/158 182/182/182
f 157/157/157 182/182/182 181/181/181
f 158/158/158 159/159/159 183/183/183
f 158/158/158 183/183/183 182/182/182
f 159/159/159 160/160/160 184/184/184
f 159/159/159 184/184/184 183/183/183
f 160/160/160 161/161/161 185/185/185
f 160/160/160 185/185/185 184/184/184
f 161/161/161 162/162/162 186/186/186
f 161/161/161 186/186/186 185/185/185
f 162/162/162 163/163/163 187/187/187
f 162/162/162 187/187/187 186/186/186
f 163/163/163 164/164/164 188/188/188
f 163/163/163 188/188/188 187/187/187
f 164/164/164 165/165/165 189/189/189
f 164/164/164 189/189/189 188/188/188
f 165/165/165 166/166/166 190/190/190
f 165/165/165 190/190/190 189/189/189
f 166/166/166 167/167/167 191/191/191
f 166/166/166 191/191/191 190/190/190
f 167/167/167 168/168/168 192/192/192
f 167/167/167 192/192/192 191/191/191
f 168/168/168 145/145/145 169/169/169
f 168/168/168 169/169/169 192/192/192
f 169/169/169 170/170/170 194/194/194
f 169/169/169 194/194/194 193/193/193
f 170/170/170 171/171/171 195/195/195
f 170/170/170 195/195/195 194/194/194
f 171/171/171 172/172/172 196/196/196
f 171/171/171 196/196/196 195/195/195
f 172/172/172 173/173/173 197/197/197
f 172/172/172 197/197/197 196/196/196
f 173/173/173 174/174/174 198/198/198
f 173/173/173 198/198/198 197/197/197
f 174/174/174 175/175/175 199/199/199
f 174/174/174 199/199/199 198/198/198
f 175/175/175 176/176/176 200/200/200
f 175/175/175 200/200/200 199/199/199
f 176/176/176 177/177/177 201/201/201
f 176/176/176 201/201/201 200/200/200
f 177/177/177 178/178/178 202/202/202
f 177/177/177 202/202/202 201/201/201
f 178/178/178 179/179/179 203/203/203
f 178/178/178 203/203/203 202/202/202
f 179/179/179 180/180/180 204/204/204
f 179/179/179 204/204/204 203/203/203
f 180/180/180 181/181/181 205/205/205
f 180/180/180 205/205/205 204/204/204
f 181/181/181 182/182/182 206/206/206
f 181/181/181 206/206/206 205/205/205
f 182/182/182 183/183/183 207/207/207
f 182/182/182 207/207/207 206/206/206
f 183/183/183 184/184/184 208/208/208
f 183/183/183 208/208/208 207/207/207
f 184/184/184 185/185/185 209/209/209
f 184/184/184 209/209/209 208/208/208
f 185/185/185 186/186/186 210/210/210
f 185/185/185 210/210/210 209/209/209
f 186/186/186 187/187/187 211/211/211
f 186/186/186 211/211/211 210/210/210
f 187/187/187 188/188/188 212/212/212
f 187/187/187 212/212/212 211/211/211
f 188/188/188 189/189/189 213/213/213
f 188/188/188 213/213/213 212/212/212
f 189/189/189 190/190/190 214/214/214
f 189/189/189 214/214/214 213/213/213
f 190/190/190 191/191/191 215/215/215
f 190/190/190 215/215/215 214/214/214
f 191/191/191 192/192/192 216/216/216
f 191/191/191 216/216/216 215/215/215
f 192/192/192 169/169/169 193/193/193
f 192/192/192 193/193/193 216/216/216
f 217/217/217 2/2/2 1/1/1
f 217/217/217 3/3/3 2/2/2
f 217/217/217 4/4/4 3/3/3
f 217/217/217 5/5/5 4/4/4
f 217/217/217 6/6/6 5/5/5
f 217/217/217 7/7/7 6/6/6
f 217/217/217 8/8/8 7/7/7
f 217/217/217 9/9/9 8/8/8
f 217/217/217 10/10/10 9/9/9
f 217/217/217 11/11/11 10/10/10
f 217/217/217 12/12/12 11/11/11
f 217/217/217 13/13/13 12/12/12
f 217/217/217 14/14/14 13/13/13
f 217/217/217 15/15/15 14/14/14
f 217/217/217 16/16/16 15/15/15
f 217/217/217 17/17/17 16/16/16
f 217/217/217 18/18/18 17/17/17
f 217/217/217 19/19/19 18/18/18
f 217/217/217 20/20/20 19/19/19
f 217/217/217 21/21/21 20/20/20
f 217/217/217 22/22/22 21/21/21
f 217/217/217 23/23/23 22/22/22
f 217/217/217 24/24/24 23/23/23
f 217/217/217 1/1/1 24/24/24
f 218/218/218 193/193/193 194/194/194
f 218/218/218 194/194/194 195/195/195
f 218/218/218 195/195/195 196/196/196
f 218/218/218 196/196/196 197/197/197
f 218/218/218 197/197/197 198/198/198
f 218/218/218 198/198/198 199/199/199
f 218/218/218 199/199/199 200/200/200
f 218/218/218 200/200/200 201/201/201
f 218/218/218 201/201/201 202/202/202
f 218/218/218 202/202/202 203/203/203
f 218/218/218 203/203/203 204/204/204
f 218/218/218 204/204/204 205/205/205
f 218/218/218 205/205/205 206/206/206
f 218/218/218 206/206/206 207/207/207
f 218/218/218 207/207/207 208/208/208
f 218/218/218 208/208/208 209/209/209
f 218/218/218 209/209/209 210/210/210
f 218/218/218 210/210/210 211/211/211
f 218/218/218 211/211/211 212/212/212
f 218/218/218 212/212/212 213/213/213
f 218/218/218 213/213/213 214/214/214
f 218/218/218 214/214/214 215/215/215
f 218/218/218 215/215/215 216/216/216
f 218/218/218 216/216/216 193/193/193
f 219/219/219 220/220/220 244/244/244
f 219/219/219 244/244/244 243/243/243
f 220/220/220 221/221/221 245/245/245
f 220/220/220 245/245/245 244/244/244
f 221/221/221 222/222/222 246/246/246
f 221/221/221 246/246/246 245/245/245
f 222/222/222 223/223/223 247/247/247
f 222/222/222 247/247/247 246/246/246
f 223/223/223 224/224/224 248/248/248
f 223/223/223 248/248/248 247/247/247
f 224/224/224 225/225/225 249/249/249
f 224/224/224 249/249/249 248/248/248
f 225/225/225 226/226/226 250/250/250
f 225/225/225 250/250/250 249/249/249
f 226/226/226 227/227/227 251/251/251
f 226/226/226 251/251/251 250/250/250
f 227/227/227 228/228/228 252/252/252
f 227/227/227 252/252/252 251/251/251
f 228/228/228 229/229/229 253/253/253
f 228/228/228 253/253/253 252/252/252
f 229/229/229 230/230/230 254/254/254
f 229/229/229 254/254/254 253/253/253
f 230/230/230 231/231/231 255/255/255
f 230/230/230 255/255/255 254/254/254
f 231/231/231 232/232/232 256/256/256
f 231/231/231 256/256/256 255/255/255
f 232/232/232 233/233/233 257/257/257
f 232/232/232 257/257/257 256/256/256
f 233/233/233 234/234/234 258/258/258
f 233/233/233 258/258/258 257/257/257
f 234/234/234 235/235/235 259/259/259
f 234/234/234 259/259/259 258/258/258
f 235/235/235 236/236/236 260/260/260
f 235/235/235 260/260/260 259/259/259
f 236/236/236 237/237/237 261/261/261
f 236/236/236 261/261/261 260/260/260
f 237/237/237 238/238/238 262/262/262
f 237/237/237 262/262/262 261/261/261
f 238/238/238 239/239/239 263/263/263
f 238/238/238 263/263/263 262/262/262
f 239/239/239 240/240/240 264/264/264
f 239/239/239 264/264/264 263/263/263
f 240/240/240 241/241/241 265/265/265
f 240/240/240 265/265/265 264/264/264
f 241/241/241 242/242/242 266/266/266
f 241/241/241 266/266/266 265/265/265
f 242/242/242 219/219/219 243/243/243
f 242/242/242 243/243/243 266/266/266
f 243/243/243 244/244/244 268/268/268
f 243/243/243 268/268/268 267/267/267
f 244/244/244 245/245/245 269/269/269
f 244/244/244 269/269/269 268/268/268
f 245/245/245 246/246/246 270/270/270
f 245/245/245 270/270/270 269/269/269
f 246/246/246 247/247/247 271/271/271
f 246/246/246 271/271/271 270/270/270
f 247/247/247 248/248/248 272/272/272
f 247/247/247 272/272/272 271/271/271
f 248/248/248 249/249/249 273/273/273
f 248/248/248 273/273/273 272/272/272
f 249/249/249 250/250/250 274/274/274
f 249/249/249 274/274/274 273/273/273
f 250/250/250 251/251/251 275/275/275
f 250/250/250 275/275/275 274/274/274
f 251/251/251 252/252/252 276/276/276
f 251/251/251 276/276/276 275/275/275
f 252/252/252 253/253/253 277/277/277
f 252/252/252 277/277/277 276/276/276
f 253/253/253 254/254/254 278/278/278
f 253/253/253 278/278/278 277/277/277
f 254/254/254 255/255/255 279/279/279
f 254/254/254 279/279/279 278/278/278
f 255/255/255 256/256/256 280/280/280
f 255/255/255 280/280/280 279/279/279
f 256/256/256 257/257/257 281/281/281
f 256/256/256 281/281/281 280/280/280
f 257/257/257 258/258/258 282/282/282
f 257/257/257 282/282/282 281/281/281
f 258/258/258 259/259/259 283/283/283
f 258/258/258 283/283/283 282/282/282
f 259/259/259 260/260/260 284/284/284
f 259/259/259 284/284/284 283/283/283
f 260/260/260 261/261/261 285/285/285
f 260/260/260 285/285/285 284/284/284
f 261/261/261 262/262/262 286/286/286
f 261/261/261 286/286/286 285/285/285
f 262/262/262 263/263/263 287/287/287
f 262/262/262 287/287/287 286/286/286
f 263/263/263 264/264/264 288/288/288
f 263/263/263 288/288/288 287/287/287
f 264/264/264 265/265/265 289/289/289
f 264/264/264 289/289/289 288/288/288
f 265/265/265 266/266/266 290/290/290
f 265/265/265 290/290/290 289/289/289
f 266/266/266 243/243/243 267/267/267
f 266/266/266 267/267/267 290/290/290
f 267/267/267 268/268/268 292/292/292
f 267/267/267 292/292/292 291/291/291
f 268/268/268 269/269/269 293/293/293
f 268/268/268 293/293/293 292/292/292
f 269/269/269 270/270/270 294/294/294
f 269/269/269 294/294/294 293/293/293
f 270/270/270 271/271/271 295/295/295
f 270/270/270 295/295/295 294/294/294
f 271/271/271 272/272/272 296/296/296
f 271/271/271 296/296/296 295/295/295
f 272/272/272 273/273/273 297/297/297
f 272/272/272 297/297/297 296/296/296
f 273/273/273 274/274/274 298/298/298
f 273/273/273 298/298/298 297/297/297
f 274/274/274 275/275/275 299/299/299
f 274/274/274 299/299/299 298/298/298
f 275/275/275 276/276/276 300/300/300
f 275/275/275 300/300/300 299/299/299
f 276/276/276 277/277/277 301/301/301
f 276/276/276 301/301/301 300/300/300
f 277/277/277 278/278/278 302/302/302
f 277/277/277 302/302/302 301/301/301
f 278/278/278 279/279/279 303/303/303
f 278/278/278 303/303/303 302/302/302
f 279/279/279 280/280/280 304/304/304
f 279/279/279 304/304/304 303/303/303
f 280/280/280 281/281/281 305/305/305
f 280/280/280 305/305/305 304/304/304
f 281/281/281 282/282/282 306/306/306
f 281/281/281 306/306/306 305/305/305
f 282/282/282 283/283/283 307/307/307
f 282/282/282 307/307/307 306/306/306
f 283/283/283 284/284/284 308/308/308
f 283/283/283 308/308/308 307/307/307
f 284/284/284 285/285/285 309/309/309
f 284/284/284 309/309/309 308/308/308
f 285/285/285 286/286/286 310/310/310
f 285/285/285 310/310/310 309/309/309
f 286/286/286 287/287/287 311/311/311
f 286/286/286 311/311/311 310/310/310
f 287/287/287 288/288/288 312/312/312
f 287/287/287 312/312/312 311/311/311
f 288/288/288 289/289/289 313/313/313
f 288/288/288 313/313/313 312/312/312
f 289/289/289 290/290/290 314/314/314
f 289/289/289 314/314/314 313/313/313
f 290/290/290 267/267/267 291/291/291
f 290/290/290 291/291/291 314/314/314
f 291/291/291 292/292/292 316/316/316
f 291/291/291 316/316/316 315/315/315
f 292/292/292 293/293/293 317/317/317
f 292/292/292 317/317/317 316/316/316
f 293/293/293 294/294/294 318/318/318
f 293/293/293 318/318/318 317/317/317
f 294/294/294 295/295/295 319/319/319
f 294/294/294 319/319/319 318/318/318
f 295/295/295 296/296/296 320/320/320
f 295/295/295 320/320/320 319/319/319
f 296/296/296 297/297/297 321/321/321
f 296/296/296 321/321/321 320/320/320
f 297/297/297 298/298/298 322/322/322
f 297/297/297 322/322/322 321/321/321
f 298/298/298 299/299/299 323/323/323
f 298/298/298 323/323/323 322/322/322
f 299/299/299 300/300/300 324/324/324
f 299/299/299 324/324/324 323/323/323
f 300/300/300 301/301/301 325/325/325
f 300/300/300 325/325/325 324/324/324
f 301/301/301 302/302/302 326/326/326
f 301/301/301 326/326/326 325/325/325
f 302/302/302 303/303/303 327/327/327
f 302/302/302 327/327/327 326/326/326
f 303/303/303 304/304/304 328/328/328
f 303/303/303 328/328/328 327/327/327
f 304/304/304 305/305/305 329/329/329
f 304/304/304 329/329/329 328/328/328
f 305/305/305 306/306/306 330/330/330
f 305/305/305 330/330/330 329/329/329
f 306/306/306 307/307/307 331/331/331
f 306/306/306 331/331/331 330/330/330
f 307/307/307 308/308/308 332/332/332
f 307/307/307 332/332/332 331/331/331
f 308/308/308 309/309/309 333/333/333
f 308/308/308 333/333/333 332/332/332
f 309/309/309 310/310/310 334/334/334
f 309/309/309 334/334/334 333/333/333
f 310/310/310 311/311/311 335/335/335
f 310/310/310 335/335/335 334/334/334
f 311/311/311 312/312/312 336/336/336
f 311/311/311 336/336/336 335/335/335
f 312/312/312 313/313/313 337/337/337
f 312/312/312 337/337/337 336/336/336
f 313/313/313 314/314/314 338/338/338
f 313/313/313 338/338/338 337/337/337
f 314/314/314 291/291/291 315/315/315
f 314/314/314 315/315/315 338/338/338
f 315/315/315 316/316/316 340/340/340
f 315/315/315 340/340/340 339/339/339
f 316/316/316 317/317/317 341/341/341
f 316/316/316 341/341/341 340/340/340
f 317/317/317 318/318/318 342/342/342
f 317/317/317 342/342/342 341/341/341
f 318/318/318 319/319/319 343/343/343
f 318/318/318 343/343/343 342/342/342
f 319/319/319 320/320/320 344/344/344
f 319/319/319 344/344/344 343/343/343
f 320/320/320 321/321/321 345/345/345
f 320/320/320 345/345/345 344/344/344
f 321/321/321 322/322/322 346/346/346
f 321/321/321 346/346/346 345/345/345
f 322/322/322 323/323/323 347/347/347
f 322/322/322 347/347/347 346/346/346
f 323/323/323 324/324/324 348/348/348
f 323/323/323 348/348/348 347/347/347
f 324/324/324 325/325/325 349/349/349
f 324/324/324 349/349/349 348/348/348
f 325/325/325 326/326/326 350/350/350
f 325/325/325 350/350/350 349/349/349
f 326/326/326 327/327/327 351/351/351
f 326/326/326 351/351/351 350/350/350
f 327/327/327 328/328/328 352/352/352
f 327/327/327 352/352/352 351/351/351
f 328/328/328 329/329/329 353/353/353
f 328/328/328 353/353/353 352/352/352
f 329/329/329 330/330/330 354/354/354
f 329/329/329 354/354/354 353/353/353
f 330/330/330 331/331/331 355/355/355
f 330/330/330 355/355/355 354/354/354
f 331/331/331 332/332/332 356/356/356
f 331/331/331 356/356/356 355/355/355
f 332/332/332 333/333/333 357/357/357
f 332/332/332 357/357/357 356/356/356
f 333/333/333 334/334/334 358/358/358
f 333/333/333 358/358/358 357/357/357
f 334/334/334 335/335/335 359/359/359
f 334/334/334 359/359/359 358/358/358
f 335/335/335 336/336/336 360/360/360
f 335/335/335 360/360/360 359/359/359
f 336/336/336 337/337/337 361/361/361
f 336/336/336 361/361/361 360/360/360
f 337/337/337 338/338/338 362/362/362
f 337/337/337 362/362/362 361/361/361
f 338/338/338 315/315/315 339/339/339
f 338/338/338 339/339/339 362/362/362
f 339/339/339 340/340/340 364/364/364
f 339/339/339 364/364/364 363/363/363
f 340/340/340 341/341/341 365/365/365
f 340/340/340 365/365/365 364/364/364
f 341/341/341 342/342/342 366/366/366
f 341/341/341 366/366/366 365/365/365
f 342/342/342 343/343/343 367/367/367
f 342/342/342 367/367/367 366/366/366
f 343/343/343 344/344/344 368/368/368
f 343/343/343 368/368/368 367/367/367
f 344/344/344 345/345/345 369/369/369
f 344/344/344 369/369/369 368/368/368
f 345/345/345 346/346/346 370/370/370
f 345/345/345 370/370/370 369/369/369
f 346/346/346 347/347/347 371/371/371
f 346/346/346 371/371/371 370/370/370
f 347/347/347 348/348/348 372/372/372
f 347/347/347 372/372/372 371/371/371
f 348/348/348 349/349/349 373/373/373
f 348/348/348 373/373/373 372/372/372
f 349/349/349 350/350/350 374/374/374
f 349/349/349 374/374/374 373/373/373
f 350/350/350 351/351/351 375/375/375
f 350/350/350 375/375/375 374/374/374
f 351/351/351 352/352/352 376/376/376
f 351/351/351 376/376/376 375/375/375
f 352/352/352 353/353/353 377/377/377
f 352/352/352 377/377/377 376/376/376
f 353/353/353 354/354/354 378/378/378
f 353/353/353 378/378/378 377/377/377
f 354/354/354 355/355/355 379/379/379
f 354/354/354 379/379/379 378/378/378
f 355/355/355 356/356/356 380/380/380
f 355/355/355 380/380/380 379/379/379
f 356/356/356 357/357/357 381/381/381
f 356/356/356 381/381/381 380/380/380
f 357/357/357 358/358/358 382/382/382
f 357/357/357 382/382/382 381/381/381
f 358/358/358 359/359/359 383/383/383
f 358/358/358 383/383/383 382/382/382
f 359/359/359 360/360/360 384/384/384
f 359/359/359 384/384/384 383/383/383
f 360/360/360 361/361/361 385/385/385
f 360/360/360 385/385/385 384/384/384
f 361/361/361 362/362/362 386/386/386
f 361/361/361 386/386/386 385/385/385
f 362/362/362 339/339/339 363/363/363
f 362/362/362 363/363/363 386/386/386
f 363/363/363 364/364/364 388/388/388
f 363/363/363 388/388/388 387/387/387
f 364/364/364 365/365/365 389/389/389
f 364/364/364 389/389/389 388/388/388
f 365/365/365 366/366/366 390/390/390
f 365/365/365 390/390/390 389/389/389
f 366/366/366 367/367/367 391/391/391
f 366/366/366 391/391/391 390/390/390
f 367/367/367 368/368/368 392/392/392
f 367/367/367 392/392/392 391/391/391
f 368/368/368 369/369/369 393/393/393
f 368/368/368 393/393/393 392/392/392
f 369/369/369 370/370/370 394/394/394
f 369/369/369 394/394/394 393/393/393
f 370/370/370 371/371/371 395/395/395
f 370/370/370 395/395/395 394/394/394
f 371/371/371 372/372/372 396/396/396
f 371/371/371 396/396/396 395/395/395
f 372/372/372 373/373/373 397/397/397
f 372/372/372 397/397/397 396/396/396
f 373/373/373 374/374/374 398/398/398
f 373/373/373 398/398/398 397/397/397
f 374/374/374 375/375/375 399/399/399
f 374/374/374 399/399/399 398/398/398
f 375/375/375 376/376/376 400/400/400
f 375/375/375 400/400/400 399/399/399
f 376/376/376 377/377/377 401/401/401
f 376/376/376 401/401/401 400/400/400
f 377/377/377 378/378/378 402/402/402
f 377/377/377 402/402/402 401/401/401
f 378/378/378 379/379/379 403/403/403
f 378/378/378 403/403/403 402/402/402
f 379/379/379 380/380/380 404/404/404
f 379/379/379 404/404/404 403/403/403
f 380/380/380 381/381/381 405/405/405
f 380/380/380 405/405/405 404/404/404
f 381/381/381 382/382/382 406/406/406
f 381/381/381 406/406/406 405/405/405
f 382/382/382 383/383/383 407/407/407
f 382/382/382 407/407/407 406/406/406
f 383/383/383 384/384/384 408/408/408
f 383/383/383 408/408/408 407/407/407
f 384/384/384 385/385/385 409/409/409
f 384/384/384 409/409/409 408/408/408
f 385/385/385 386/386/386 410/410/410
f 385/385/385 410/410/410 409/409/409
f 386/386/386 363/363/363 387/387/387
f 386/386/386 387/387/387 410/410/410
f 387/387/387 388/388/388 412/412/412
f 387/387/387 412/412/412 411/411/411
f 388/388/388 389/389/389 413/413/413
f 388/388/388 413/413/413 412/412/412
f 389/389/389 390/390/390 414/414/414
f 389/389/389 414/414/414 413/413/413
f 390/390/390 391/391/391 415/415/415
f 390/390/390 415/415/415 414/414/414
f 391/391/391 392/392/392 416/416/416
f 391/391/391 416/416/416 415/415/415
f 392/392/392 393/393/393 417/417/417
f 392/392/392 417/417/417 416/416/416
f 393/393/393 394/394/394 418/418/418
f 393/393/393 418/418/418 417/417/417
f 394/394/394 395/395/395 419/419/419
f 394/394/394 419/419/419 418/418/418
f 395/395/395 396/396/396 420/420/420
f 395/395/395 420/420/420 419/419/419
f 396/396/396 397/397/397 421/421/421
f 396/396/396 421/421/421 420/420/420
f 397/397/397 398/398/398 422/422/422
f 397/397/397 422/422/422 421/421/421
f 398/398/398 399/399/399 423/423/423
f 398/398/398 423/423/423 422/422/422
f 399/399/399 400/400/400 424/424/424
f 399/399/399 424/424/424 423/423/423
f 400/400/400 401/401/401 425/425/425
f 400/400/400 425/425/425 424/424/424
f 401/401/401 402/402/402 426/426/426
f 401/401/401 426/426/426 425/425/425
f 402/402/402 403/403/403 427/427/427
f 402/402/402 427/427/427 426/426/426
f 403/403/403 404/404/404 428/428/428
f 403/403/403 428/428/428 427/427/427
f 404/404/404 405/405/405 429/429/429
f 404/404/404 429/429/429 428/428/428
f 405/405/405 406/406/406 430/430/430
f 405/405/405 430/430/430 429/429/429
f 406/406/406 407/407/407 431/431/431
f 406/406/406 431/431/431 430/430/430
f 407/407/407 408/408/408 432/432/432
f 407/407/407 432/432/432 431/431/431
f 408/408/408 409/409/409 433/433/433
f 408/408/408 433/433/433 432/432/432
f 409/409/409 410/410/410 434/434/434
f 409/409/409 434/434/434 433/433/433
f 410/410/410 387/387/387 411/411/411
f 410/410/410 411/411/411 434/434/434
f 411/411/411 412/412/412 436/436/436
f 411/411/411 436/436/436 435/435/435
f 412/412/412 413/413/413 437/437/437
f 412/412/412 437/437/437 436/436/436
f 413/413/413 414/414/414 438/438/438
f 413/413/413 438/438/438 437/437/437
f 414/414/414 415/415/415 439/439/439
f 414/414/414 439/439/439 438/438/438
f 415/415/415 416/416/416 440/440/440
f 415/415/415 440/440/440 439/439/439
f 416/416/416 417/417/417 441/441/441
f 416/416/416 441/441/441 440/440/440
f 417/417/417 418/418/418 442/442/442
f 417/417/417 442/442/442 441/441/441
f 418/418/418 419/419/419 443/443/443
f 418/418/418 443/443/443 442/442/442
f 419/419/419 420/420/420 444/444/444
f 419/419/419 444/444/444 443/443/443
f 420/420/420 421/421/421 445/445/445
f 420/420/420 445/445/445 444/444/444
f 421/421/421 422/422/422 446/446/446
f 421/421/421 446/446/446 445/445/445
f 422/422/422 423/423/423 447/447/447
f 422/422/422 447/447/447 446/446/446
f 423/423/423 424/424/424 448/448/448
f 423/423/423 448/448/448 447/447/447
f 424/424/424 425/425/425 449/449/449
f 424/424/424 449/449/449 448/448/448
f 425/425/425 426/426/426 450/450/450
f 425/425/425 450/450/450 449/449/449
f 426/426/426 427/427/427 451/451/451
f 426/426/426 451/451/451 450/450/450
f 427/427/427 428/428/428 452/452/452
f 427/427/427 452/452/452 451/451/451
f 428/428/428 429/429/429 453/453/453
f 428/428/428 453/453/453 452/452/452
f 429/429/429 430/430/430 454/454/454
f 429/429/429 454/454/454 453/453/453
f 430/430/430 431/431/431 455/455/455
f 430/430/430 455/455/455 454/454/454
f 431/431/431 432/432/432 456/456/456
f 431/431/431 456/456/456 455/455/455
f 432/432/432 433/433/433 457/457/457
f 432/432/432 457/457/457 456/456/456
f 433/433/433 434/434/434 458/458/458
f 433/433/433 458/458/458 457/457/457
f 434/434/434 411/411/411 435/435/435
f 434/434/434 435/435/435 458/458/458
f 435/435/435 436/436/436 460/460/460
f 435/435/435 460/460/460 459/459/459
f 436/436/436 437/437/437 461/461/461
f 436/436/436 461/461/461 460/460/460
f 437/437/437 438/438/438 462/462/462
f 437/437/437 462/462/462 461/461/461
f 438/438/438 439/439/439 463/463/463
f 438/438/438 463/463/463 462/462/462
f 439/439/439 440/440/440 464/464/464
f 439/439/439 464/464/464 463/463/463
f 440/440/440 441/441/441 465/465/465
f 440/440/440 465/465/465 464/464/464
f 441/441/441 442/442/442 466/466/466
f 441/441/441 466/466/466 465/465/465
f 442/442/442 443/443/443 467/467/467
f 442/442/442 467/467/467 466/466/466
f 443/443/443 444/444/444 468/468/468
f 443/443/443 468/468/468 467/467/467
f 444/444/444 445/445/445 469/469/469
f 444/444/444 469/469/469 468/468/468
f 445/445/445 446/446/446 470/470/470
f 445/445/445 470/470/470 469/469/469
f 446/446/446 447/447/447 471/471/471
f 446/446/446 471/471/471 470/470/470
f 447/447/447 448/448/448 472/472/472
f 447/447/447 472/472/472 471/471/471
f 448/448/448 449/449/449 473/473/473
f 448/448/448 473/473/473 472/472/472
f 449/449/449 450/450/450 474/474/474
f 449/449/449 474/474/474 473/473/473
f 450/450/450 451/451/451 475/475/475
f 450/450/450 475/475/475 474/474/474
f 451/451/451 452/452/452 476/476/476
f 451/451/451 476/476/476 475/475/475
f 452/452/452 453/453/453 477/477/477
f 452/452/452 477/477/477 476/476/476
f 453/453/453 454/454/454 478/478/478
f 453/453/453 478/478/478 477/477/477
f 454/454/454 455/455/455 479/479/479
f 454/454/454 479/479/479 478/478/478
f 455/455/455 456/456/456 480/480/480
f 455/455/455 480/480/480 479/479/479
f 456/456/456 457/457/457 481/481/481
f 456/456/456 481/481/481 480/480/480
f 457/457/457 458/458/458 482/482/482
f 457/457/457 482/482/482 481/481/481
f 458/458/458 435/435/435 459/459/459
f 458/458/458 459/459/459 482/482/482
f 483/483/483 220/220/220 219/219/219
f 483/483/483 221/221/221 220/220/220
f 483/483/483 222/222/222 221/221/221
f 483/483/483 223/223/223 222/222/222
f 483/483/483 224/224/224 223/223/223
f 483/483/483 225/225/225 224/224/224
f 483/483/483 226/226/226 225/225/225
f 483/483/483 227/227/227 226/226/226
f 483/483/483 228/228/228 227/227/227
f 483/483/483 229/229/229 228/228/228
f 483/483/483 230/230/230 229/229/229
f 483/483/483 231/231/231 230/230/230
f 483/483/483 232/232/232 231/231/231
f 483/483/483 233/233/233 232/232/232
f 483/483/483 234/234/234 233/233/233
f 483/483/483 235/235/235 234/234/234
f 483/483/483 236/236/236 235/235/235
f 483/483/483 237/237/237 236/236/236
f 483/483/483 238/238/238 237/237/237
f 483/483/483 239/239/239 238/238/238
f 483/483/483 240/240/240 239/239/239
f 483/483/483 241/241/241 240/240/240
f 483/483/483 242/242/242 241/241/241
f 483/483/483 219/219/219 242/242/242
f 484/484/484 459/459/459 460/460/460
f 484/484/484 460/460/460 461/461/461
f 484/484/484 461/461/461 462/462/462
f 484/484/484 462/462/462 463/463/463
f 484/484/484 463/463/463 464/464/464
f 484/484/484 464/464/464 465/465/465
f 484/484/484 465/465/465 466/466/466
f 484/484/484 466/466/466 467/467/467
f 484/484/484 467/467/467 468/468/468
f 484/484/484 468/468/468 469/469/469
f 484/484/484 469/469/469 470/470/470
f 484/484/484 470/470/470 471/471/471
f 484/484/484 471/471/471 472/472/472
f 484/484/484 472/472/472 473/473/473
f 484/484/484 473/473/473 474/474/474
f 484/484/484 474/474/474 475/475/475
f 484/484/484 475/475/475 476/476/476
f 484/484/484 476/476/476 477/477/477
f 484/484/484 477/477/477 478/478/478
f 484/484/484 478/478/478 479/479/479
f 484/484/484 479/479/479 480/480/480
f 484/484/484 480/480/480 481/481/481
f 484/484/484 481/481/481 482/482/482
f 484/484/484 482/482/482 459/459/459
f 485/485/485 486/486/486 510/510/510
f 485/485/485 510/510/510 509/509/509
f 486/486/486 487/487/487 511/511/511
f 486/486/486 511/511/511 510/510/510
f 487/487/487 488/488/488 512/512/512
f 487/487/487 512/512/512 511/511/511
f 488/488/488 489/489/489 513/513/513
f 488/488/488 513/513/513 512/512/512
f 489/489/489 490/490/490 514/514/514
f 489/489/489 514/514/514 513/513/513
f 490/490/490 491/491/491 515/515/515
f 490/490/490 515/515/515 514/514/514
f 491/491/491 492/492/492 516/516/516
f 491/491/491 516/516/516 515/515/515
f 492/492/492 493/493/493 517/517/517
f 492/492/492 517/517/517 516/516/516
f 493/493/493 494/494/494 518/518/518
f 493/493/493 518/518/518 517/517/517
f 494/494/494 495/495/495 519/519/519
f 494/494/494 519/519/519 518/518/518
f 495/495/495 496/496/496 520/520/520
f 495/495/495 520/520/520 519/519/519
f 496/496/496 497/497/497 521/521/521
f 496/496/496 521/521/521 520/520/520
f 497/497/497 498/498/498 522/522/522
f 497/497/497 522/522/522 521/521/521
f 498/498/498 499/499/499 523/523/523
f 498/498/498 523/523/523 522/522/522
f 499/499/499 500/500/500 524/524/524
f 499/499/499 524/524/524 523/523/523
f 500/500/500 501/501/501 525/525/525
f 500/500/500 525/525/525 524/524/524
f 501/501/501 502/502/502 526/526/526
f 501/501/501 526/526/526 525/525/525
f 502/502/502 503/503/503 527/527/527
f 502/502/502 527/527/527 526/526/526
f 503/503/503 504/504/504 528/528/528
f 503/503/503 528/528/528 527/527/527
f 504/504/504 505/505/505 529/529/529
f 504/504/504 529/529/529 528/528/528
f 505/505/505 506/506/506 530/530/530
f 505/505/505 530/530/530 529/529/529
f 506/506/506 507/507/507 531/531/531
f 506/506/506 531/531/531 530/530/530
f 507/507/507 508/508/508 532/532/532
f 507/507/507 532/532/532 531/531/531
f 508/508/508 485/485/485 509/509/509
f 508/508/508 509/509/509 532/532/532
f 509/509/509 510/510/510 534/534/534
f 509/509/509 534/534/534 533/533/533
f 510/510/510 511/511/511 535/535/535
f 510/510/510 535/535/535 534/534/534
f 511/511/511 512/512/512 536/536/536
f 511/511/511 536/536/536 535/535/535
f 512/512/512 513/513/513 537/537/537
f 512/512/512 537/537/537 536/536/536
f 513/513/513 514/514/514 538/538/538
f 513/513/513 538/538/538 537/537/537
f 514/514/514 515/515/515 539/539/539
f 514/514/514 539/539/539 538/538/538
f 515/515/515 516/516/516 540/540/540
f 515/515/515 540/540/540 539/539/539
f 516/516/516 517/517/517 541/541/541
f 516/516/516 541/541/541 540/540/540
f 517/517/517 518/518/518 542/542/542
f 517/517/517 542/542/542 541/541/541
f 518/518/518 519/519/519 543/543/543
f 518/518/518 543/543/543 542/542/542
f 519/519/519 520/520/520 544/544/544
f 519/519/519 544/544/544 543/543/543
f 520/520/520 521/521/521 545/545/545
f 520/520/520 545/545/545 544/544/544
f 521/521/521 522/522/522 546/546/546
f 521/521/521 546/546/546 545/545/545
f 522/522/522 523/523/523 547/547/547
f 522/522/522 547/547/547 546/546/546
f 523/523/523 524/524/524 548/548/548
f 523/523/523 548/548/548 547/547/547
f 524/524/524 525/525/525 549/549/549
f 524/524/524 549/549/549 548/548/548
f 525/525/525 526/526/526 550/550/550
f 525/525/525 550/550/550 549/549/549
f 526/526/526 527/527/527 551/551/551
f 526/526/526 551/551/551 550/550/550
f 527/527/527 528/528/528 552/552/552
f 527/527/527 552/552/552 551/551/551
f 528/528/528 529/529/529 553/553/553
f 528/528/528 553/553/553 552/552/552
f 529/529/529 530/530/530 554/554/554
f 529/529/529 554/554/554 553/553/553
f 530/530/530 531/531/531 555/555/555
f 530/530/530 555/555/555 554/554/554
f 531/531/531 532/532/532 556/556/556
f 531/531/531 556/556/556 555/555/555
f 532/532/532 509/509/509 533/533/533
f 532/532/532 533/533/533 556/556/556
f 533/533/533 534/534/534 558/558/558
f 533/533/533 558/558/558 557/557/557
f 534/534/534 535/535/535 559/559/559
f 534/534/534 559/559/559 558/558/558
f 535/535/535 536/536/536 560/560/560
f 535/535/535 560/560/560 559/559/559
f 536/536/536 537/537/537 561/561/561
f 536/536/536 561/561/561 560/560/560
f 537/537/537 538/538/538 562/562/562
f 537/537/537 562/562/562 561/561/561
f 538/538/538 539/539/539 563/563/563
f 538/538/538 563/563/563 562/562/562
f 539/539/539 540/540/540 564/564/564
f 539/539/539 564/564/564 563/563/563
f 540/540/540 541/541/541 565/565/565
f 540/540/540 565/565/565 564/564/564
f 541/541/541 542/542/542 566/566/566
f 541/541/541 566/566/566 565/565/565
f 542/542/542 543/543/543 567/567/567
f 542/542/542 567/567/567 566/566/566
f 543/543/543 544/544/544 568/568/568
f 543/543/543 568/568/568 567/567/567
f 544/544/544 545/545/545 569/569/569
f 544/544/544 569/569/569 568/568/568
f 545/545/545 546/546/546 570/570/570
f 545/545/545 570/570/570 569/569/569
f 546/546/546 547/547/547 571/571/571
f 546/546/546 571/571/571 570/570/570
f 547/547/547 548/548/548 572/572/572
f 547/547/547 572/572/572 571/571/571
f 548/548/548 549/549/549 573/573/573
f 548/548/548 573/573/573 572/572/572
f 549/549/549 550/550/550 574/574/574
f 549/549/549 574/574/574 573/573/573
f 550/550/550 551/551/551 575/575/575
f 550/550/550 575/575/575 574/574/574
f 551/551/551 552/552/552 576/576/576
f 551/551/551 576/576/576 575/575/575
f 552/552/552 553/553/553 577/577/577
f 552/552/552 577/577/577 576/576/576
f 553/553/553 554/554/554 578/578/578
f 553/553/553 578/578/578 577/577/577
f 554/554/554 555/555/555 579/579/579
f 554/554/554 579/579/579 578/578/578
f 555/555/555 556/556/556 580/580/580
f 555/555/555 580/580/580 579/579/579
f 556/556/556 533/533/533 557/557/557
f 556/556/556 557/557/557 580/580/580
f 557/557/557 558/558/558 582/582/582
f 557/557/557 582/582/582 581/581/581
f 558/558/558 559/559/559 583/583/583
f 558/558/558 583/583/583 582/582/582
f 559/559/559 560/560/560 584/584/584
f 559/559/559 584/584/584 583/583/583
f 560/560/560 561/561/561 585/585/585
f 560/560/560 585/585/585 584/584/584
f 561/561/561 562/562/562 586/586/586
f 561/561/561 586/586/586 585/585/585
f 562/562/562 563/563/563 587/587/587
f 562/562/562 587/587/587 586/586/586
f 563/563/563 564/564/564 588/588/588
f 563/563/563 588/588/588 587/587/587
f 564/564/564 565/565/565 589/589/589
f 564/564/564 589/589/589 588/588/588
f 565/565/565 566/566/566 590/590/590
f 565/565/565 590/590/590 589/589/589
f 566/566/566 567/567/567 591/591/591
f 566/566/566 591/591/591 590/590/590
f 567/567/567 568/568/568 592/592/592
f 567/567/567 592/592/592 591/591/591
f 568/568/568 569/569/569 593/593/593
f 568/568/568 593/593/593 592/592/592
f 569/569/569 570/570/570 594/594/594
f 569/569/569 594/594/594 593/593/593
f 570/570/570 571/571/571 595/595/595
f 570/570/570 595/595/595 594/594/594
f 571/571/571 572/572/572 596/596/596
f 571/571/571 596/596/596 595/595/595
f 572/572/572 573/573/573 597/597/597
f 572/572/572 597/597/597 596/596/596
f 573/573/573 574/574/574 598/598/598
f 573/573/573 598/598/598 597/597/597
f 574/574/574 575/575/575 599/599/599
f 574/574/574 599/599/599 598/598/598
f 575/575/575 576/576/576 600/600/600
f 575/575/575 600/600/600 599/599/599
f 576/576/576 577/577/577 601/601/601
f 576/576/576 601/601/601 600/600/600
f 577/577/577 578/578/578 602/602/602
f 577/577/577 602/602/602 601/601/601
f 578/578/578 579/579/579 603/603/603
f 578/578/578 603/603/603 602/602/602
f 579/579/579 580/580/580 604/604/604
f 579/579/579 604/604/604 603/603/603
f 580/580/580 557/557/557 581/581/581
f 580/580/580 581/581/581 604/604/604
f 581/581/581 582/582/582 606/606/606
f 581/581/581 606/606/606 605/605/605
f 582/582/582 583/583/583 607/607/607
f 582/582/582 607/607/607 606/606/606
f 583/583/583 584/584/584 608/608/608
f 583/583/583 608/608/608 607/607/607
f 584/584/584 585/585/585 609/609/609
f 584/584/584 609/609/609 608/608/608
f 585/585/585 586/586/586 610/610/610
f 585/585/585 610/610/610 609/609/609
f 586/586/586 587/587/587 611/611/611
f 586/586/586 611/611/611 610/610/610
f 587/587/587 588/588/588 612/612/612
f 587/587/587 612/612/612 611/611/611
f 588/588/588 589/589/589 613/613/613
f 588/588/588 613/613/613 612/612/612
f 589/589/589 590/590/590 614/614/614
f 589/589/589 614/614/614 613/613/613
f 590/590/590 591/591/591 615/615/615
f 590/590/590 615/615/615 614/614/614
f 591/591/591 592/592/592 616/616/616
f 591/591/591 616/616/616 615/615/615
f 592/592/592 593/593/593 617/617/617
f 592/592/592 617/617/617 616/616/616
f 593/593/593 594/594/594 618/618/618
f 593/593/593 618/618/618 617/617/617
f 594/594/594 595/595/595 619/619/619
f 594/594/594 619/619/619 618/618/618
f 595/595/595 596/596/596 620/620/620
f 595/595/595 620/620/620 619/619/619
f 596/596/596 597/597/597 621/621/621
f 596/596/596 621/621/621 620/620/620
f 597/597/597 598/598/598 622/622/622
f 597/597/597 622/622/622 621/621/621
f 598/598/598 599/599/599 623/623/623
f 598/598/598 623/623/623 622/622/622
f 599/599/599 600/600/600 624/624/624
f 599/599/599 624/624/624 623/623/623
f 600/600/600 601/601/601 625/625/625
f 600/600/600 625/625/625 624/624/624
f 601/601/601 602/602/602 626/626/626
f 601/601/601 626/626/626 625/625/625
f 602/602/602 603/603/603 627/627/627
f 602/602/602 627/627/627 626/626/626
f 603/603/603 604/604/604 628/628/628
f 603/603/603 628/628/628 627/627/627
f 604/604/604 581/581/581 605/605/605
f 604/604/604 605/605/605 628/628/628
f 605/605/605 606/606/606 630/630/630
f 605/605/605 630/630/630 629/629/629
f 606/606/606 607/607/607 631/631/631
f 606/606/606 631/631/631 630/630/630
f 607/607/607 608/608/608 632/632/632
f 607/607/607 632/632/632 631/631/631
f 608/608/608 609/609/609 633/633/633
f 608/608/608 633/633/633 632/632/632
f 609/609/609 610/610/610 634/634/634
f 609/609/609 634/634/634 633/633/633
f 610/610/610 611/611/611 635/635/635
f 610/610/610 635/635/635 634/634/634
f 611/611/611 612/612/612 636/636/636
f 611/611/611 636/636/636 635/635/635
f 612/612/612 613/613/613 637/637/637
f 612/612/612 637/637/637 636/636/636
f 613/613/613 614/614/614 638/638/638
f 613/613/613 638/638/638 637/637/637
f 614/614/614 615/615/615 639/639/639
f 614/614/614 639/639/639 638/638/638
f 615/615/615 616/616/616 640/640/640
f 615/615/615 640/640/640 639/639/639
f 616/616/616 617/617/617 641/641/641
f 616/616/616 641/641/641 640/640/640
f 617/617/617 618/618/618 642/642/642
f 617/617/617 642/642/642 641/641/641
f 618/618/618 619/619/619 643/643/643
f 618/618/618 643/643/643 642/642/642
f 619/619/619 620/620/620 644/644/644
f 619/619/619 644/644/644 643/643/643
f 620/620/620 621/621/621 645/645/645
f 620/620/620 645/645/645 644/644/644
f 621/621/621 622/622/622 646/646/646
f 621/621/621 646/646/646 645/645/645
f 622/622/622 623/623/623 647/647/647
f 622/622/622 647/647/647 646/646/646
f 623/623/623 624/624/624 648/648/648
f 623/623/623 648/648/648 647/647/647
f 624/624/624 625/625/625 649/649/649
f 624/624/624 649/649/649 648/648/648
f 625/625/625 626/626/626 650/650/650
f 625/625/625 650/650/650 649/649/649
f 626/626/626 627/627/627 651/651/651
f 626/626/626 651/651/651 650/650/650
f 627/627/627 628/628/628 652/652/652
f 627/627/627 652/652/652 651/651/651
f 628/628/628 605/605/605 629/629/629
f 628/628/628 629/629/629 652/652/652
f 629/629/629 630/630/630 654/654/654
f 629/629/629 654/654/654 653/653/653
f 630/630/630 631/631/631 655/655/655
f 630/630/630 655/655/655 654/654/654
f 631/631/631 632/632/632 656/656/656
f 631/631/631 656/656/656 655/655/655
f 632/632/632 633/633/633 657/657/657
f 632/632/632 657/657/657 656/656/656
f 633/633/633 634/634/634 658/658/658
f 633/633/633 658/658/658 657/657/657
f 634/634/634 635/635/635 659/659/659
f 634/634/634 659/659/659 658/658/658
f 635/635/635 636/636/636 660/660/660
f 635/635/635 660/660/660 659/659/659
f 636/636/636 637/637/637 661/661/661
f 636/636/636 661/661/661 660/660/660
f 637/637/637 638/638/638 662/662/662
f 637/637/637 662/662/662 661/661/661
f 638/638/638 639/639/639 663/663/663
f 638/638/638 663/663/663 662/662/662
f 639/639/639 640/640/640 664/664/664
f 639/639/639 664/664/664 663/663/663
f 640/640/640 641/641/641 665/665/665
f 640/640/640 665/665/665 664/664/664
f 641/641/641 642/642/642 666/666/666
f 641/641/641 666/666/666 665/665/665
f 642/642/642 643/643/643 667/667/667
f 642/642/642 667/667/667 666/666/666
f 643/643/643 644/644/644 668/668/668
f 643/643/643 668/668/668 667/667/667
f 644/644/644 645/645/645 669/669/669
f 644/644/644 669/669/669 668/668/668
f 645/645/645 646/646/646 670/670/670
f 645/645/645 670/670/670 669/669/669
f 646/646/646 647/647/647 671/671/671
f 646/646/646 671/671/671 670/670/670
f 647/647/647 648/648/648 672/672/672
f 647/647/647 672/672/672 671/671/671
f 648/648/648 649/649/649 673/673/673
f 648/648/648 673/673/673 672/672/672
f 649/649/649 650/650/650 674/674/674
f 649/649/649 674/674/674 673/673/673
f 650/650/650 651/651/651 675/675/675
f 650/650/650 675/675/675 674/674/674
f 651/651/651 652/652/652 676/676/676
f 651/651/651 676/676/676 675/675/675
f 652/652/652 629/629/629 653/653/653
f 652/652/652 653/653/653 676/676/676
f 653/653/653 654/654/654 678/678/678
f 653/653/653 678/678/678 677/677/677
f 654/654/654 655/655/655 679/679/679
f 654/654/654 679/679/679 678/678/678
f 655/655/655 656/656/656 680/680/680
f 655/655/655 680/680/680 679/679/679
f 656/656/656 657/657/657 681/681/681
f 656/656/656 681/681/681 680/680/680
f 657/657/657 658/658/658 682/682/682
f 657/657/657 682/682/682 681/681/681
f 658/658/658 659/659/659 683/683/683
f 658/658/658 683/683/683 682/682/682
f 659/659/659 660/660/660 684/684/684
f 659/659/659 684/684/684 683/683/683
f 660/660/660 661/661/661 685/685/685
f 660/660/660 685/685/685 684/684/684
f 661/661/661 662/662/662 686/686/686
f 661/661/661 686/686/686 685/685/685
f 662/662/662 663/663/663 687/687/687
f 662/662/662 687/687/687 686/686/686
f 663/663/663 664/664/664 688/688/688
f 663/663/663 688/688/688 687/687/687
f 664/664/664 665/665/665 689/689/689
f 664/664/664 689/689/689 688/688/688
f 665/665/665 666/666/666 690/690/690
f 665/665/665 690/690/690 689/689/689
f 666/666/666 667/667/667 691/691/691
f 666/666/666 691/691/691 690/690/690
f 667/667/667 668/668/668 692/692/692
f 667/667/667 692/692/692 691/691/691
f 668/668/668 669/669/669 693/693/693
f 668/668/668 693/693/693 692/692/692
f 669/669/669 670/670/670 694/694/694
f 669/669/669 694/694/694 693/693/693
f 670/670/670 671/671/671 695/695/695
f 670/670/670 695/695/695 694/694/694
f 671/671/671 672/672/672 696/696/696
f 671/671/671 696/696/696 695/695/695
f 672/672/672 673/673/673 697/697/697
f 672/672/672 697/697/697 696/696/696
f 673/673/673 674/674/674 698/698/698
f 673/673/673 698/698/698 697/697/697
f 674/674/674 675/675/675 699/699/699
f 674/674/674 699/699/699 698/698/698
f 675/675/675 676/676/676 700/700/700
f 675/675/675 700/700/700 699/699/699
f 676/676/676 653/653/653 677/677/677
f 676/676/676 677/677/677 700/700/700
f 677/677/677 678/678/678 702/702/702
f 677/677/677 702/702/702 701/701/701
f 678/678/678 679/679/679 703/703/703
f 678/678/678 703/703/703 702/702/702
f 679/679/679 680/680/680 704/704/704
f 679/679/679 704/704/704 703/703/703
f 680/680/680 681/681/681 705/705/705
f 680/680/680 705/705/705 704/704/704
f 681/681/681 682/682/682 706/706/706
f 681/681/681 706/706/706 705/705/705
f 682/682/682 683/683/683 707/707/707
f 682/682/682 707/707/707 706/706/706
f 683/683/683 684/684/684 708/708/708
f 683/683/683 708/708/708 707/707/707
f 684/684/684 685/685/685 709/709/709
f 684/684/684 709/709/709 708/708/708
f 685/685/685 686/686/686 710/710/710
f 685/685/685 710/710/710 709/709/709
f 686/686/686 687/687/687 711/711/711
f 686/686/686 711/711/711 710/710/710
f 687/687/687 688/688/688 712/712/712
f 687/687/687 712/712/712 711/711/711
f 688/688/688 689/689/689 713/713/713
f 688/688/688 713/713/713 712/712/712
f 689/689/689 690/690/690 714/714/714
f 689/689/689 714/714/714 713/713/713
f 690/690/690 691/691/691 715/715/715
f 690/690/690 715/715/715 714/714/714
f 691/691/691 692/692/692 716/716/716
f 691/691/691 716/716/716 715/715/715
f 692/692/692 693/693/693 717/717/717
f 692/692/692 717/717/717 716/716/716
f 693/693/693 694/694/694 718/718/718
f 693/693/693 718/718/718 717/717/717
f 694/694/694 695/695/695 719/719/719
f 694/694/694 719/719/719 718/718/718
f 695/695/695 696/696/696 720/720/720
f 695/695/695 720/720/720 719/719/719
f 696/696/696 697/697/697 721/721/721
f 696/696/696 721/721/721 720/720/720
f 697/697/697 698/698/698 722/722/722
f 697/697/697 722/722/722 721/721/721
f 698/698/698 699/699/699 723/723/723
f 698/698/698 723/723/723 722/722/722
f 699/699/699 700/700/700 724/724/724
f 699/699/699 724/724/724 723/723/723
f 700/700/700 677/677/677 701/701/701
f 700/700/700 701/701/701 724/724/724
f 701/701/701 702/702/702 726/726/726
f 701/701/701 726/726/726 725/725/725
f 702/702/702 703/703/703 727/727/727
f 702/702/702 727/727/727 726/726/726
f 703/703/703 704/704/704 728/728/728
f 703/703/703 728/728/728 727/727/727
f 704/704/704 705/705/705 729/729/729
f 704/704/704 729/729/729 728/728/728
f 705/705/705 706/706/706 730/730/730
f 705/705/705 730/730/730 729/729/729
f 706/706/706 707/707/707 731/731/731
f 706/706/706 731/731/731 730/730/730
f 707/707/707 708/708/708 732/732/732
f 707/707/707 732/732/732 731/731/731
f 708/708/708 709/709/709 733/733/733
f 708/708/708 733/733/733 732/732/732
f 709/709/709 710/710/710 734/734/734
f 709/709/709 734/734/734 733/733/733
f 710/710/710 711/711/711 735/735/735
f 710/710/710 735/735/735 734/734/734
f 711/711/711 712/712/712 736/736/736
f 711/711/711 736/736/736 735/735/735
f 712/712/712 713/713/713 737/737/737
f 712/712/712 737/737/737 736/736/736
f 713/713/713 714/714/714 738/738/738
f 713/713/713 738/738/738 737/737/737
f 714/714/714 715/715/715 739/739/739
f 714/714/714 739/739/739 738/738/738
f 715/715/715 716/716/716 740/740/740
f 715/715/715 740/740/740 739/739/739
f 716/716/716 717/717/717 741/741/741
f 716/716/716 741/741/741 740/740/740
f 717/717/717 718/718/718 742/742/742
f 717/717/717 742/742/742 741/741/741
f 718/718/718 719/719/719 743/743/743
f 718/718/718 743/743/743 742/742/742
f 719/719/719 720/720/720 744/744/744
f 719/719/719 744/744/744 743/743/743
f 720/720/720 721/721/721 745/745/745
f 720/720/720 745/745/745 744/744/744
f 721/721/721 722/722/722 746/746/746
f 721/721/721 746/746/746 745/745/745
f 722/722/722 723/723/723 747/747/747
f 722/722/722 747/747/747 746/746/746
f 723/723/723 724/724/724 748/748/748
f 723/723/723 748/748/748 747/747/747
f 724/724/724 701/701/701 725/725/725
f 724/724/724 725/725/725 748/748/748
f 749/749/749 486/486/486 485/485/485
f 749/749/749 487/487/487 486/486/486
f 749/749/749 488/488/488 487/487/487
f 749/749/749 489/489/489 488/488/488
f 749/749/749 490/490/490 489/489/489
f 749/749/749 491/491/491 490/490/490
f 749/749/749 492/492/492 491/491/491
f 749/749/749 493/493/493 492/492/492
f 749/749/749 494/494/494 493/493/493
f 749/749/749 495/495/495 494/494/494
f 749/749/749 496/496/496 495/495/495
f 749/749/749 497/497/497 496/496/496
f 749/749/749 498/498/498 497/497/497
f 749/749/749 499/499/499 498/498/498
f 749/749/749 500/500/500 499/499/499
f 749/749/749 501/501/501 500/500/500
f 749/749/749 502/502/502 501/501/501
f 749/749/749 503/503/503 502/502/502
f 749/749/749 504/504/504 503/503/503
f 749/749/749 505/505/505 504/504/504
f 749/749/749 506/506/506 505/505/505
f 749/749/749 507/507/507 506/506/506
f 749/749/749 508/508/508 507/507/507
f 749/749/749 485/485/485 508/508/508
f 750/750/750 725/725/725 726/726/726
f 750/750/750 726/726/726 727/727/727
f 750/750/750 727/727/727 728/728/728
f 750/750/750 728/728/728 729/729/729
f 750/750/750 729/729/729 730/730/730
f 750/750/750 730/730/730 731/731/731
f 750/750/750 731/731/731 732/732/732
f 750/750/750 732/732/732 733/733/733
f 750/750/750 733/733/733 734/734/734
f 750/750/750 734/734/734 735/735/735
f 750/750/750 735/735/735 736/736/736
f 750/750/750 736/736/736 737/737/737
f 750/750/750 737/737/737 738/738/738
f 750/750/750 738/738/738 739/739/739
f 750/750/750 739/739/739 740/740/740
f 750/750/750 740/740/740 741/741/741
f 750/750/750 741/741/741 742/742/742
f 750/750/750 742/742/742 743/743/743
f 750/750/750 743/743/743 744/744/744
f 750/750/750 744/744/744 745/745/745
f 750/750/750 745/745/745 746/746/746
f 750/750/750 746/746/746 747/747/747
f 750/750/750 747/747/747 748/748/748
f 750/750/750 748/748/748 725/725/725
f 751/751/751 752/752/752 776/776/776
f 751/751/751 776/776/776 775/775/775
f 752/752/752 753/753/753 777/777/777
f 752/752/752 777/777/777 776/776/776
f 753/753/753 754/754/754 778/778/778
f 753/753/753 778/778/778 777/777/777
f 754/754/754 755/755/755 779/779/779
f 754/754/754 779/779/779 778/778/778
f 755/755/755 756/756/756 780/780/780
f 755/755/755 780/780/780 779/779/779
f 756/756/756 757/757/757 781/781/781
f 756/756/756 781/781/781 780/780/780
f 757/757/757 758/758/758 782/782/782
f 757/757/757 782/782/782 781/781/781
f 758/758/758 759/759/759 783/783/783
f 758/758/758 783/783/783 782/782/782
f 759/759/759 760/760/760 784/784/784
f 759/759/759 784/784/784 783/783/783
f 760/760/760 761/761/761 785/785/785
f 760/760/760 785/785/785 784/784/784
f 761/761/761 762/762/762 786/786/786
f 761/761/761 786/786/786 785/785/785
f 762/762/762 763/763/763 787/787/787
f 762/762/762 787/787/787 786/786/786
f 763/763/763 764/764/764 788/788/788
f 763/763/763 788/788/788 787/787/787
f 764/764/764 765/765/765 789/789/789
f 764/764/764 789/789/789 788/788/788
f 765/765/765 766/766/766 790/790/790
f 765/765/765 790/790/790 789/789/789
f 766/766/766 767/767/767 791/791/791
f 766/766/766 791/791/791 790/790/790
f 767/767/767 768/768/768 792/792/792
f 767/767/767 792/792/792 791/791/791
f 768/768/768 769/769/769 793/793/793
f 768/768/768 793/793/793 792/792/792
f 769/769/769 770/770/770 794/794/794
f 769/769/769 794/794/794 793/793/793
f 770/770/770 771/771/771 795/795/795
f 770/770/770 795/795/795 794/794/794
f 771/771/771 772/772/772 796/796/796
f 771/771/771 796/796/796 795/795/795
f 772/772/772 773/773/773 797/797/797
f 772/772/772 797/797/797 796/796/796
f 773/773/773 774/774/774 798/798/798
f 773/773/773 798/798/798 797/797/797
f 774/774/774 751/751/751 775/775/775
f 774/774/774 775/775/775 798/798/798
f 775/775/775 776/776/776 800/800/800
f 775/775/775 800/800/800 799/799/799
f 776/776/776 777/777/777 801/801/801
f 776/776/776 801/801/801 800/800/800
f 777/777/777 778/778/778 802/802/802
f 777/777/777 802/802/802 801/801/801
f 778/778/778 779/779/779 803/803/803
f 778/778/778 803/803/803 802/802/802
f 779/779/779 780/780/780 804/804/804
f 779/779/779 804/804/804 803/803/803
f 780/780/780 781/781/781 805/805/805
f 780/780/780 805/805/805 804/804/804
f 781/781/781 782/782/782 806/806/806
f 781/781/781 806/806/806 805/805/805
f 782/782/782 783/783/783 807/807/807
f 782/782/782 807/807/807 806/806/806
f 783/783/783 784/784/784 808/808/808
f 783/783/783 808/808/808 807/807/807
f 784/784/784 785/785/785 809/809/809
f 784/784/784 809/809/809 808/808/808
f 785/785/785 786/786/786 810/810/810
f 785/785/785 810/810/810 809/809/809
f 786/786/786 787/787/787 811/811/811
f 786/786/786 811/811/811 810/810/810
f 787/787/787 788/788/788 812/812/812
f 787/787/787 812/812/812 811/811/811
f 788/788/788 789/789/789 813/813/813
f 788/788/788 813/813/813 812/812/812
f 789/789/789 790/790/790 814/814/814
f 789/789/789 814/814/814 813/813/813
f 790/790/790 791/791/791 815/815/815
f 790/790/790 815/815/815 814/814/814
f 791/791/791 792/792/792 816/816/816
f 791/791/791 816/816/816 815/815/815
f 792/792/792 793/793/793 817/817/817
f 792/792/792 817/817/817 816/816/816
f 793/793/793 794/794/794 818/818/818
f 793/793/793 818/818/818 817/817/817
f 794/794/794 795/795/795 819/819/819
f 794/794/794 819/819/819 818/818/818
f 795/795/795 796/796/796 820/820/820
f 795/795/795 820/820/820 819/819/819
f 796/796/796 797/797/797 821/821/821
f 796/796/796 821/821/821 820/820/820
f 797/797/797 798/798/798 822/822/822
f 797/797/797 822/822/822 821/821/821
f 798/798/798 775/775/775 799/799/799
f 798/798/798 799/799/799 822/822/822
f 799/799/799 800/800/800 824/824/824
f 799/799/799 824/824/824 823/823/823
f 800/800/800 801/801/801 825/825/825
f 800/800/800 825/825/825 824/824/824
f 801/801/801 802/802/802 826/826/826
f 801/801/801 826/826/826 825/825/825
f 802/802/802 803/803/803 827/827/827
f 802/802/802 827/827/827 826/826/826
f 803/803/803 804/804/804 828/828/828
f 803/803/803 828/828/828 827/827/827
f 804/804/804 805/805/805 829/829/829
f 804/804/804 829/829/829 828/828/828
f 805/805/805 806/806/806 830/830/830
f 805/805/805 830/830/830 829/829/829
f 806/806/806 807/807/807 831/831/831
f 806/806/806 831/831/831 830/830/830
f 807/807/807 808/808/808 832/832/832
f 807/807/807 832/832/832 831/831/831
f 808/808/808 809/809/809 833/833/833
f 808/808/808 833/833/833 832/832/832
f 809/809/809 810/810/810 834/834/834
f 809/809/809 834/834/834 833/833/833
f 810/810/810 811/811/811 835/835/835
f 810/810/810 835/835/835 834/834/834
f 811/811/811 812/812/812 836/836/836
f 811/811/811 836/836/836 835/835/835
f 812/812/812 813/813/813 837/837/837
f 812/812/812 837/837/837 836/836/836
f 813/813/813 814/814/814 838/838/838
f 813/813/813 838/838/838 837/837/837
f 814/814/814 815/815/815 839/839/839
f 814/814/814 839/839/839 838/838/838
f 815/815/815 816/816/816 840/840/840
f 815/815/815 840/840/840 839/839/839
f 816/816/816 817/817/817 841/841/841
f 816/816/816 841/841/841 840/840/840
f 817/817/817 818/818/818 842/842/842
f 817/817/817 842/842/842 841/841/841
f 818/818/818 819/819/819 843/843/843
f 818/818/818 843/843/843 842/842/842
f 819/819/819 820/820/820 844/844/844
f 819/819/819 844/844/844 843/843/843
f 820/820/820 821/821/821 845/845/845
f 820/820/820 845/845/845 844/844/844
f 821/821/821 822/822/822 846/846/846
f 821/821/821 846/846/846 845/845/845
f 822/822/822 799/799/799 823/823/823
f 822/822/822 823/823/823 846/846/846
f 823/823/823 824/824/824 848/848/848
f 823/823/823 848/848/848 847/847/847
f 824/824/824 825/825/825 849/849/849
f 824/824/824 849/849/849 848/848/848
f 825/825/825 826/826/826 850/850/850
f 825/825/825 850/850/850 849/849/849
f 826/826/826 827/827/827 851/851/851
f 826/826/826 851/851/851 850/850/850
f 827/827/827 828/828/828 852/852/852
f 827/827/827 852/852/852 851/851/851
f 828/828/828 829/829/829 853/853/853
f 828/828/828 853/853/853 852/852/852
f 829/829/829 830/830/830 854/854/854
f 829/829/829 854/854/854 853/853/853
f 830/830/830 831/831/831 855/855/855
f 830/830/830 855/855/855 854/854/854
f 831/831/831 832/832/832 856/856/856
f 831/831/831 856/856/856 855/855/855
f 832/832/832 833/833/833 857/857/857
f 832/832/832 857/857/857 856/856/856
f 833/833/833 834/834/834 858/858/858
f 833/833/833 858/858/858 857/857/857
f 834/834/834 835/835/835 859/859/859
f 834/834/834 859/859/859 858/858/858
f 835/835/835 836/836/836 860/860/860
f 835/835/835 860/860/860 859/859/859
f 836/836/836 837/837/837 861/861/861
f 836/836/836 861/861/861 860/860/860
f 837/837/837 838/838/838 862/862/862
f 837/837/837 862/862/862 861/861/861
f 838/838/838 839/839/839 863/863/863
f 838/838/838 863/863/863 862/862/862
f 839/839/839 840/840/840 864/864/864
f 839/839/839 864/864/864 863/863/863
f 840/840/840 841/841/841 865/865/865
f 840/840/840 865/865/865 864/864/864
f 841/841/841 842/842/842 866/866/866
f 841/841/841 866/866/866 865/865/865
f 842/842/842 843/843/843 867/867/867
f 842/842/842 867/867/867 866/866/866
f 843/843/843 844/844/844 868/868/868
f 843/843/843 868/868/868 867/867/867
f 844/844/844 845/845/845 869/869/869
f 844/844/844 869/869/869 868/868/868
f 845/845/845 846/846/846 870/870/870
f 845/845/845 870/870/870 869/869/869
f 846/846/846 823/823/823 847/847/847
f 846/846/846 847/847/847 870/870/870
f 847/847/847 848/848/848 872/872/872
f 847/847/847 872/872/872 871/871/871
f 848/848/848 849/849/849 873/873/873
f 848/848/848 873/873/873 872/872/872
f 849/849/849 850/850/850 874/874/874
f 849/849/849 874/874/874 873/873/873
f 850/850/850 851/851/851 875/875/875
f 850/850/850 875/875/875 874/874/874
f 851/851/851 852/852/852 876/876/876
f 851/851/851 876/876/876 875/875/875
f 852/852/852 853/853/853 877/877/877
f 852/852/852 877/877/877 876/876/876
f 853/853/853 854/854/854 878/878/878
f 853/853/853 878/878/878 877/877/877
f 854/854/854 855/855/855 879/879/879
f 854/854/854 879/879/879 878/878/878
f 855/855/855 856/856/856 880/880/880
f 855/855/855 880/880/880 879/879/879
f 856/856/856 857/857/857 881/881/881
f 856/856/856 881/881/881 880/880/880
f 857/857/857 858/858/858 882/882/882
f 857/857/857 882/882/882 881/881/881
f 858/858/858 859/859/859 883/883/883
f 858/858/858 883/883/883 882/882/882
f 859/859/859 860/860/860 884/884/884
f 859/859/859 884/884/884 883/883/883
f 860/860/860 861/861/861 885/885/885
f 860/860/860 885/885/885 884/884/884
f 861/861/861 862/862/862 886/886/886
f 861/861/861 886/886/886 885/885/885
f 862/862/862 863/863/863 887/887/887
f 862/862/862 887/887/887 886/886/886
f 863/863/863 864/864/864 888/888/888
f 863/863/863 888/888/888 887/887/887
f 864/864/864 865/865/865 889/889/889
f 864/864/864 889/889/889 888/888/888
f 865/865/865 866/866/866 890/890/890
f 865/865/865 890/890/890 889/889/889
f 866/866/866 867/867/867 891/891/891
f 866/866/866 891/891/891 890/890/890
f 867/867/867 868/868/868 892/892/892
f 867/867/867 892/892/892 891/891/891
f 868/868/868 869/869/869 893/893/893
f 868/868/868 893/893/893 892/892/892
f 869/869/869 870/870/870 894/894/894
f 869/869/869 894/894/894 893/893/893
f 870/870/870 847/847/847 871/871/871
f 870/870/870 871/871/871 894/894/894
f 871/871/871 872/872/872 896/896/896
f 871/871/871 896/896/896 895/895/895
f 872/872/872 873/873/873 897/897/897
f 872/872/872 897/897/897 896/896/896
f 873/873/873 874/874/874 898/898/898
f 873/873/873 898/898/898 897/897/897
f 874/874/874 875/875/875 899/899/899
f 874/874/874 899/899/899 898/898/898
f 875/875/875 876/876/876 900/900/900
f 875/875/875 900/900/900 899/899/899
f 876/876/876 877/877/877 901/901/901
f 876/876/876 901/901/901 900/900/900
f 877/877/877 878/878/878 902/902/902
f 877/877/877 902/902/902 901/901/901
f 878/878/878 879/879/879 903/903/903
f 878/878/878 903/903/903 902/902/902
f 879/879/879 880/880/880 904/904/904
f 879/879/879 904/904/904 903/903/903
f 880/880/880 881/881/881 905/905/905
f 880/880/880 905/905/905 904/904/904
f 881/881/881 882/882/882 906/906/906
f 881/881/881 906/906/906 905/905/905
f 882/882/882 883/883/883 907/907/907
f 882/882/882 907/907/907 906/906/906
f 883/883/883 884/884/884 908/908/908
f 883/883/883 908/908/908 907/907/907
f 884/884/884 885/885/885 909/909/909
f 884/884/884 909/909/909 908/908/908
f 885/885/885 886/886/886 910/910/910
f 885/885/885 910/910/910 909/909/909
f 886/886/886 887/887/887 911/911/911
f 886/886/886 911/911/911 910/910/910
f 887/887/887 888/888/888 912/912/912
f 887/887/887 912/912/912 911/911/911
f 888/888/888 889/889/889 913/913/913
f 888/888/888 913/913/913 912/912/912
f 889/889/889 890/890/890 914/914/914
f 889/889/889 914/914/914 913/913/913
f 890/890/890 891/891/891 915/915/915
f 890/890/890 915/915/915 914/914/914
f 891/891/891 892/892/892 916/916/916
f 891/891/891 916/916/916 915/915/915
f 892/892/892 893/893/893 917/917/917
f 892/892/892 917/917/917 916/916/916
f 893/893/893 894/894/894 918/918/918
f 893/893/893 918/918/918 917/917/917
f 894/894/894 871/871/871 895/895/895
f 894/894/894 895/895/895 918/918/918
f 895/895/895 896/896/896 920/920/920
f 895/895/895 920/920/920 919/919/919
f 896/896/896 897/897/897 921/921/921
f 896/896/896 921/921/921 920/920/920
f 897/897/897 898/898/898 922/922/922
f 897/897/897 922/922/922 921/921/921
f 898/898/898 899/899/899 923/923/923
f 898/898/898 923/923/923 922/922/922
f 899/899/899 900/900/900 924/924/924
f 899/899/899 924/924/924 923/923/923
f 900/900/900 901/901/901 925/925/925
f 900/900/900 925/925/925 924/924/924
f 901/901/901 902/902/902 926/926/926
f 901/901/901 926/926/926 925/925/925
f 902/902/902 903/903/903 927/927/927
f 902/902/902 927/927/927 926/926/926
f 903/903/903 904/904/904 928/928/928
f 903/903/903 928/928/928 927/927/927
f 904/904/904 905/905/905 929/929/929
f 904/904/904 929/929/929 928/928/928
f 905/905/905 906/906/906 930/930/930
f 905/905/905 930/930/930 929/929/929
f 906/906/906 907/907/907 931/931/931
f 906/906/906 931/931/931 930/930/930
f 907/907/907 908/908/908 932/932/932
f 907/907/907 932/932/932 931/931/931
f 908/908/908 909/909/909 933/933/933
f 908/908/908 933/933/933 932/932/932
f 909/909/909 910/910/910 934/934/934
f 909/909/909 934/934/934 933/933/933
f 910/910/910 911/911/911 935/935/935
f 910/910/910 935/935/935 934/934/934
f 911/911/911 912/912/912 936/936/936
f 911/911/911 936/936/936 935/935/935
f 912/912/912 913/913/913 937/937/937
f 912/912/912 937/937/937 936/936/936
f 913/913/913 914/914/914 938/938/938
f 913/913/913 938/938/938 937/937/937
f 914/914/914 915/915/915 939/939/939
f 914/914/914 939/939/939 938/938/938
f 915/915/915 916/916/916 940/940/940
f 915/915/915 940/940/940 939/939/939
f 916/916/916 917/917/917 941/941/941
f 916/916/916 941/941/941 940/940/940
f 917/917/917 918/918/918 942/942/942
f 917/917/917 942/942/942 941/941/941
f 918/918/918 895/895/895 919/919/919
f 918/918/918 919/919/919 942/942/942
f 919/919/919 920/920/920 944/944/944
f 919/919/919 944/944/944 943/943/943
f 920/920/920 921/921/921 945/945/945
f 920/920/920 945/945/945 944/944/944
f 921/921/921 922/922/922 946/946/946
f 921/921/921 946/946/946 945/945/945
f 922/922/922 923/923/923 947/947/947
f 922/922/922 947/947/947 946/946/946
f 923/923/923 924/924/924 948/948/948
f 923/923/923 948/948/948 947/947/947
f 924/924/924 925/925/925 949/949/949
f 924/924/924 949/949/949 948/948/948
f 925/925/925 926/926/926 950/950/950
f 925/925/925 950/950/950 949/949/949
f 926/926/926 927/927/927 951/951/951
f 926/926/926 951/951/951 950/950/950
f 927/927/927 928/928/928 952/952/952
f 927/927/927 952/952/952 951/951/951
f 928/928/928 929/929/929 953/953/953
f 928/928/928 953/953/953 952/952/952
f 929/929/929 930/930/930 954/954/954
f 929/929/929 954/954/954 953/953/953
f 930/930/930 931/931/931 955/955/955
f 930/930/930 955/955/955 954/954/954
f 931/931/931 932/932/932 956/956/956
f 931/931/931 956/956/956 955/955/955
f 932/932/932 933/933/933 957/957/957
f 932/932/932 957/957/957 956/956/956
f 933/933/933 934/934/934 958/958/958
f 933/933/933 958/958/958 957/957/957
f 934/934/934 935/935/935 959/959/959
f 934/934/934 959/959/959 958/958/958
f 935/935/935 936/936/936 960/960/960
f 935/935/935 960/960/960 959/959/959
f 936/936/936 937/937/937 961/961/961
f 936/936/936 961/961/961 960/960/960
f 937/937/937 938/938/938 962/962/962
f 937/937/937 962/962/962 961/961/961
f 938/938/938 939/939/939 963/963/963
f 938/938/938 963/963/963 962/962/962
f 939/939/939 940/940/940 964/964/964
f 939/939/939 964/964/964 963/963/963
f 940/940/940 941/941/941 965/965/965
f 940/940/940 965/965/965 964/964/964
f 941/941/941 942/942/942 966/966/966
f 941/941/941 966/966/966 965/965/965
f 942/942/942 919/919/919 943/943/943
f 942/942/942 943/943/943 966/966/966
f 943/943/943 944/944/944 968/968/968
f 943/943/943 968/968/968 967/967/967
f 944/944/944 945/945/945 969/969/969
f 944/944/944 969/969/969 968/968/968
f 945/945/945 946/946/946 970/970/970
f 945/945/945 970/970/970 969/969/969
f 946/946/946 947/947/947 971/971/971
f 946/946/946 971/971/971 970/970/970
f 947/947/947 948/948/948 972/972/972
f 947/947/947 972/972/972 971/971/971
f 948/948/948 949/949/949 973/973/973
f 948/948/948 973/973/973 972/972/972
f 949/949/949 950/950/950 974/974/974
f 949/949/949 974/974/974 973/973/973
f 950/950/950 951/951/951 975/975/975
f 950/950/950 975/975/975 974/974/974
f 951/951/951 952/952/952 976/976/976
f 951/951/951 976/976/976 975/975/975
f 952/952/952 953/953/953 977/977/977
f 952/952/952 977/977/977 976/976/976
f 953/953/953 954/954/954 978/978/978
f 953/953/953 978/978/978 977/977/977
f 954/954/954 955/955/955 979/979/979
f 954/954/954 979/979/979 978/978/978
f 955/955/955 956/956/956 980/980/980
f 955/955/955 980/980/980 979/979/979
f 956/956/956 957/957/957 981/981/981
f 956/956/956 981/981/981 980/980/980
f 957/957/957 958/958/958 982/982/982
f 957/957/957 982/982/982 981/981/981
f 958/958/958 959/959/959 983/983/983
f 958/958/958 983/983/983 982/982/982
f 959/959/959 960/960/960 984/984/984
f 959/959/959 984/984/984 983/983/983
f 960/960/960 961/961/961 985/985/985
f 960/960/960 985/985/985 984/984/984
f 961/961/961 962/962/962 986/986/986
f 961/961/961 986/986/986 985/985/985
f 962/962/962 963/963/963 987/987/987
f 962/962/962 987/987/987 986/986/986
f 963/963/963 964/964/964 988/988/988
f 963/963/963 988/988/988 987/987/987
f 964/964/964 965/965/965 989/989/989
f 964/964/964 989/989/989 988/988/988
f 965/965/965 966/966/966 990/990/990
f 965/965/965 990/990/990 989/989/989
f 966/966/966 943/943/943 967/967/967
f 966/966/966 967/967/967 990/990/990
f 967/967/967 968/968/968 992/992/992
f 967/967/967 992/992/992 991/991/991
f 968/968/968 969/969/969 993/993/993
f 968/968/968 993/993/993 992/992/992
f 969/969/969 970/970/970 994/994/994
f 969/969/969 994/994/994 993/993/993
f 970/970/970 971/971/971 995/995/995
f 970/970/970 995/995/995 994/994/994
f 971/971/971 972/972/972 996/996/996
f 971/971/971 996/996/996 995/995/995
f 972/972/972 973/973/973 997/997/997
f 972/972/972 997/997/997 996/996/996
f 973/973/973 974/974/974 998/998/998
f 973/973/973 998/998/998 997/997/997
f 974/974/974 975/975/975 999/999/999
f 974/974/974 999/999/999 998/998/998
f 975/975/975 976/976/976 1000/1000/1000
f 975/975/975 1000/1000/1000 999/999/999
f 976/976/976 977/977/977 1001/1001/1001
f 976/976/976 1001/1001/1001 1000/1000/1000
f 977/977/977 978/978/978 1002/1002/1002
f 977/977/977 1002/1002/1002 1001/1001/1001
f 978/978/978 979/979/979 1003/1003/1003
f 978/978/978 1003/1003/1003 1002/1002/1002
f 979/979/979 980/980/980 1004/1004/1004
f 979/979/979 1004/1004/1004 1003/1003/1003
f 980/980/980 981/981/981 1005/1005/1005
f 980/980/980 1005/1005/1005 1004/1004/1004
f 981/981/981 982/982/982 1006/1006/1006
f 981/981/981 1006/1006/1006 1005/1005/1005
f 982/982/982 983/983/983 1007/1007/1007
f 982/982/982 1007/1007/1007 1006/1006/1006
f 983/983/983 984/984/984 1008/1008/1008
f 983/983/983 1008/1008/1008 1007/1007/1007
f 984/984/984 985/985/985 1009/1009/1009
f 984/984/984 1009/1009/1009 1008/1008/1008
f 985/985/985 986/986/986 1010/1010/1010
f 985/985/985 1010/1010/1010 1009/1009/1009
f 986/986/986 987/987/987 1011/1011/1011
f 986/986/986 1011/1011/1011 1010/1010/1010
f 987/987/987 988/988/988 1012/1012/1012
f 987/987/987 1012/1012/1012 1011/1011/1011
f 988/988/988 989/989/989 1013/1013/1013
f 988/988/988 1013/1013/1013 1012/1012/1012
f 989/989/989 990/990/990 1014/1014/1014
f 989/989/989 1014/1014/1014 1013/1013/1013
f 990/990/990 967/967/967 991/991/991
f 990/990/990 991/991/991 1014/1014/1014
f 1015/1015/1015 752/752/752 751/751/751
f 1015/1015/1015 753/753/753 752/752/752
f 1015/1015/1015 754/754/754 753/753/753
f 1015/1015/1015 755/755/755 754/754/754
f 1015/1015/1015 756/756/756 755/755/755
f 1015/1015/1015 757/757/757 756/756/756
f 1015/1015/1015 758/758/758 757/757/757
f 1015/1015/1015 759/759/759 758/758/758
f 1015/1015/1015 760/760/760 759/759/759
f 1015/1015/1015 761/761/761 760/760/760
f 1015/1015/1015 762/762/762 761/761/761
f 1015/1015/1015 763/763/763 762/762/762
f 1015/1015/1015 764/764/764 763/763/763
f 1015/1015/1015 765/765/765 764/764/764
f 1015/1015/1015 766/766/766 765/765/765
f 1015/1015/1015 767/767/767 766/766/766
f 1015/1015/1015 768/768/768 767/767/767
f 1015/1015/1015 769/769/769 768/768/768
f 1015/1015/1015 770/770/770 769/769/769
f 1015/1015/1015 771/771/771 770/770/770
f 1015/1015/1015 772/772/772 771/771/771
f 1015/1015/1015 773/773/773 772/772/772
f 1015/1015/1015 774/774/774 773/773/773
f 1015/1015/1015 751/751/751 774/774/774
f 1016/1016/1016 991/991/991 992/992/992
f 1016/1016/1016 992/992/992 993/993/993
f 1016/1016/1016 993/993/993 994/994/994
f 1016/1016/1016 994/994/994 995/995/995
f 1016/1016/1016 995/995/995 996/996/996
f 1016/1016/1016 996/996/996 997/997/997
f 1016/1016/1016 997/997/997 998/998/998
f 1016/1016/1016 998/998/998 999/999/999
f 1016/1016/1016 999/999/999 1000/1000/1000
f 1016/1016/1016 1000/1000/1000 1001/1001/1001
f 1016/1016/1016 1001/1001/1001 1002/1002/1002
f 1016/1016/1016 1002/1002/1002 1003/1003/1003
f 1016/1016/1016 1003/1003/1003 1004/1004/1004
f 1016/1016/1016 1004/1004/1004 1005/1005/1005
f 1016/1016/1016 1005/1005/1005 1006/1006/1006
f 1016/1016/1016 1006/1006/1006 1007/1007/1007
f 1016/1016/1016 1007/1007/1007 1008/1008/1008
f 1016/1016/1016 1008/1008/1008 1009/1009/1009
f 1016/1016/1016 1009/1009/1009 1010/1010/1010
f 1016/1016/1016 1010/1010/1010 1011/1011/1011
f 1016/1016/1016 1011/1011/1011 1012/1012/1012
f 1016/1016/1016 1012/1012/1012 1013/1013/1013
f 1016/1016/1016 1013/1013/1013 1014/1014/1014
f 1016/1016/1016 1014/1014/1014 991/991/991
